,artist_name,track_name,track_id,popularity
0,Morgan Wallen,Whiskey Glasses,6foY66mWZN0pSRjZ408c00,84
1,Morgan Wallen,Chasin' You,5MwynWK9s4hlyKHqhkNn4A,83
2,TV Girl,Blue Hair,39sDitIeCMrVX2QyXHY46t,87
3,Lil Baby,Pure Cocaine,577YBGuskWkVDCxZrLRB4v,84
4,Lil Baby,Drip Too Hard (Lil Baby & Gunna),78QR3Wp35dqAhFEc2qAGjE,85
5,Lil Baby,Yes Indeed,6vN77lE9LK6HP2DewaN6HZ,83
6,Juice WRLD,All Girls Are The Same,4VXIryQMWpIdGgYR4TrjT1,87
7,Luke Combs,Beautiful Crazy,2rxQMGVafnNaRaXlRMWPde,82
8,Kali Uchis,"After The Storm (feat. Tyler, The Creator & Bootsy Collins)",1otG6j1WHNvl9WgXLWkHTo,85
9,21 Savage,ball w/o you,50a8bKqlwDEqeiEknrzkTO,83
10,21 Savage,a lot,2t8yVaLvJ0RenpXUIAC52d,83
11,Luke Combs,She Got the Best of Me,698eQRku24PIYPQPHItKlA,81
12,The Weeknd,Call Out My Name,09mEdoA6zrmBPgTEN5qXmN,89
13,The Weeknd,I Was Never There,1cKHdTo9u0ZymJdPGSh6nq,89
14,Rainbow Kitten Surprise,It's Called: Freefall,474uVhyGgK5MtY9gMcDgGl,84
15,Billie Eilish,lovely (with Khalid),0u2P5u6lvoDfwTYjAADbn4,90
16,Juice WRLD,Lucid Dreams,285pBltuF7vW8TeWk8hdRR,85
17,Kendrick Lamar,All The Stars (with SZA),3GCdLUSnKSMJhs4Tj6CV3s,85
18,Joji,SLOW DANCING IN THE DARK,0rKtyWc8bvkriBthvHKY8d,84
19,Meek Mill,Going Bad (feat. Drake),2IRZnDFmlqMuOrYOLnZZyc,82
20,Vacations,Telephones,0JIMT9gzLIIz0esKLyjbKf,82
21,80purppp,Hex,7D7e6hm2LiNd6nLuJF6K9Q,83
22,Morgan Wallen,The Way I Talk,21LRaD9rB3v7p7DDCZsW4y,78
23,Drake,God's Plan,6DCZcSspjsKoFjzjrWoCdn,86
24,Metro Boomin,10 Freaky Girls (with 21 Savage),0AluA5RNsa4Cx6XRhf2hWZ,80
25,The Neighbourhood,You Get Me So High,7zwn1eykZtZ5LODrf7c0tS,84
26,Metro Boomin,Space Cadet (feat. Gunna),1fewSx2d5KIZ04wsooEBOz,83
27,XXXTENTACION,Hope,2ZRo7axmMPeSVUvDbGkJah,86
28,Kanye West,Violent Crimes,3s7MCdXyWmwjdcWh7GWXas,82
29,Post Malone,rockstar (feat. 21 Savage),0e7ipj03S05BNilyu5bRzt,86
30,The Neighbourhood,Softcore,2K7xn816oNHJZ0aVqdQsha,86
31,Juice WRLD,Lean Wit Me,3oDkdAySo1VQQG0ptV7uwa,80
32,Mitski,Washing Machine Heart,3jjsRKEsF42ccXf8kWR3nu,83
33,Travis Scott,SICKO MODE,2xLMifQCjDGFmkHkpNLD9h,85
34,XXXTENTACION,Moonlight,0JP9xo3adEtGSdUEISiszL,84
35,Men I Trust,Show Me How,01TyFEZu6mHbffsVfxgrFn,81
36,Brent Faiyaz,Trust,0oufSLnKQDoBFX5mgkDCgR,80
37,girl in red,we fell in love in october,6IPwKM3fUUzlElbvKw2sKl,84
38,Playboi Carti,Shoota (feat. Lil Uzi Vert),2BJSMvOGABRxokHKB0OI8i,79
39,Post Malone,Sunflower - Spider-Man: Into the Spider-Verse,3KkXRkHbMCARz0aVfEt68P,84
40,Mac Miller,Self Care,5bJ1DrEM4hNCafcDd1oxHx,80
41,Sheck Wes,Mo Bamba,1xzBco0xcoJEDXktl7Jxrr,81
42,Kali Uchis,Dead To Me,6LOZws7T3jqZz78unPgFF9,80
43,Mac Miller,Small Worlds,4gT3mNJA8lnlkYFqGZ8IA2,80
44,XXXTENTACION,SAD!,3ee8Jmje8o58CHK66QrVC2,83
45,Tyler Childers,Shake the Frost (Live),19MkwMrRjO7773zpuGss1o,76
46,Juice WRLD,Armed And Dangerous,5wujBwqG7INdStqGd4tRMX,78
47,A Boogie Wit da Hoodie,Look Back at It,3Ol2xnObFdKV9pmRD2t9x8,79
48,Drake,Nice For What,3CA9pLiwRIGtUBiMjbZmRw,80
49,Post Malone,Better Now,7dt6x5M1jzdTEt8oCbisTK,83
50,Travis Scott,BUTTERFLY EFFECT,2cYqizR4lgvp4Qu6IQ3qGN,81
51,Morgan Wallen,If I Know Me,03d8S7FBY2kIzhP0E7l4rn,76
52,Lil Baby,Life Goes On,2bSk87AVkCIIC3Bcligq1z,77
53,Khalid,Better,6zeeWid2sgw4lap2jV61PZ,80
54,Migos,Stir Fry,2UVbBKQOdFAekPTRsnkzcf,77
55,Travis Scott,5% TINT,11kDth1aKUEUMq9r1pqyds,80
56,A$AP Rocky,Sundress,2aPTvyE09vUCRwVvj0I8WK,80
57,Trippie Redd,Taking A Walk,4mHgYpuGHu99Mw69E83CP2,77
58,Panic! At The Disco,High Hopes,1rqqCSm0Qe4I9rUvWncaom,83
59,Summer Walker,Girls Need Love (with Drake) - Remix,14SaZBTjxlorHJQxXh01Hu,80
60,Lil Peep,Falling Down - Bonus Track,4jvjzW7Hm0yK4LvvE0Paz9,81
61,Kanye West,Ghost Town,7vgTNTaEz3CsBZ1N4YQalM,78
62,Trippie Redd,1400 / 999 Freestyle,75lcPkAkUsKWHGBlGM476R,77
63,Metro Boomin,Overdue (with Travis Scott),6LyAwkJsHlW7RQ8S1cYAtM,79
64,YNW Melly,Murder On My Mind,7eBqSVxrzQZtK2mmgRG6lC,79
65,Travis Scott,CAN'T SAY,27a1mYSG5tYg7dmEjWBcmL,79
66,Dominic Fike,Babydoll,7yNf9YjeO5JXUE3JEBgnYc,79
67,Marshmello,Happier,2dpaYNEQHiRxtZbfNsse99,84
68,Playboi Carti,R.I.P.,3L0IKstjUgDFVQAbQIRZRv,78
69,J. Cole,Kevin’s Heart,6tZ3b7ik1QDXFAZlXib0YZ,76
70,Calvin Harris,One Kiss (with Dua Lipa),7ef4DlsgrMEH11cDZd32M6,88
71,Jason Aldean,You Make It Easy,6EGAfJaLUFzhS4zRBIEQ2J,74
72,Playboi Carti,Fell In Luv (feat. Bryson Tiller),1s9DTymg5UQrdorZf43JQm,78
73,A$AP Rocky,Praise The Lord (Da Shine) (feat. Skepta),7ycWLEP1GsNjVvcjawXz3z,83
74,Drake,Nonstop,0TlLq3lA83rQOYtrqBqSct,80
75,Vansire,From the Subway Train,0qOCy2LqvdkMora7eZsJhQ,79
76,Ski Mask The Slump God,Nuketown (feat. Juice WRLD),74lnM5V6ecvoTPV0fvptx9,76
77,MGMT,Little Dark Age,2Y0iGXY6m6immVb2ktbseM,82
78,Zedd,The Middle,09IStsImFySgyp0pIQdqAc,81
79,Alec Benjamin,Let Me Down Slowly,2qxmye6gAegTMjLKEBoR3d,86
80,5 Seconds of Summer,Youngblood,2iUXsYOEPhVqEBwsqP70rE,82
81,Ski Mask The Slump God,Faucet Failure,1ThmUihH9dF8EV08ku5AXN,76
82,Lady Gaga,Shallow,2VxeLyX666F8uXCJ0dZF8B,86
83,Ski Mask The Slump God,Unbothered,5hwUsRKvnO5yThjVrxHQVt,76
84,Beach Bunny,Prom Queen,6MpCaSIOfqBqbMED4kXgNY,80
85,The Neighbourhood,Reflections,2xql0pid3EUwW38AsywxhV,82
86,Post Malone,Candy Paint,32lItqlMi4LBhb4k0BaSaC,78
87,Juice WRLD,Wasted (feat. Lil Uzi Vert),1a7WZZZH7LzyvorhpOJFTe,77
88,Lauv,I Like Me Better,0EcQcdcbQeVJn9fknj44Be,83
89,Joji,YEAH RIGHT,1VGzxJnVQND7Cg5H5wGj14,79
90,Joji,worldstar money (interlude),0baNzeUcPQnQSagpe8T0mD,78
91,Mac Miller,Come Back to Earth,01z2fBGB8Hl3Jd3zXe4IXR,76
92,Key Glock,Russian Cream,03ThZweiBWFP8tOGsk6QMO,73
93,Summer Walker,Deep,3LfHBTYZBTqmz43tvVXJBd,78
94,Playboi Carti,Long Time - Intro,4IO2X2YoXoUMv0M2rwomLC,76
95,benny blanco,Eastside (with Halsey & Khalid),7FGq80cy8juXBCD2nrqdWU,81
96,Juice WRLD,Hurt Me,3XRQT7EoS4U87rUuJwg5P3,75
97,Polo G,Neva Cared,3UnYMo1aeD0o8VtHy3R8cs,75
98,Dan + Shay,Tequila,42fw0rxRO2xbesF6mJfd4Y,74
99,Cardi B,I Like It,58q2HKrzhC3ozto2nDdN4z,80
100,Post Malone,Psycho (feat. Ty Dolla $ign),3swc6WTsr7rl9DqQKQA55C,79
101,Lil Baby,Ready (feat. Gunna),4F6yN5FsFW10Ucx7cLCzBh,75
102,YoungBoy Never Broke Again,Outside Today,3sA7HKGzcKTVscdiTCrWpX,72
103,Social House,Magic In The Hamptons (feat. Lil Yachty),2Yer0p7uB2lVBUAtANuuQp,75
104,Kodak Black,ZEZE (feat. Travis Scott & Offset),0FZ4Dmg8jJJAPJnvBIzD9z,77
105,Playboi Carti,Foreign,500l6Cwe40hkPqS7Sf7ufY,74
106,Imagine Dragons,Natural,2FY7b99s15jUprqC0M5NCT,82
107,Lil Baby,Close Friends (Lil Baby & Gunna),5nzhL67GpF9szXWg5y509A,76
108,Mt. Joy,Silver Lining,0i5QVxsK3IvEDbUjTA64Li,74
109,Alec Benjamin,If We Have Each Other,7pT6WSg4PCt4mr5ZFyUfsF,80
110,Kanye West,All Mine,3U21A07gAloCc4P7J8rxcn,76
111,Aminé,REEL IT IN,5qHirGR7M9tdm6C17DlzSY,76
112,Roddy Ricch,Down Below,4SWWe2OYC4mqf40Gc2RSdl,77
113,Juice WRLD,Hide (feat. Seezyn),6rz0dTA0PdhXImFV5EjM0w,75
114,XXXTENTACION,the remedy for a broken heart (why am I so in love),4UKCKdYiLN6IMA5ZESUTL7,79
115,Calum Scott,Dancing On My Own,2BOqDYLOJBiMOXShCV1neZ,82
116,Lauren Daigle,You Say,6Up545NUflOiXo8cEraH49,76
117,Juice WRLD,Black & White,1fCeXjoRExPP2qwSBh2aST,75
118,Mitski,Nobody,2P5yIMu2DNeMXTyOANKS6k,78
119,Gucci Mane,Wake Up in the Sky,0QIjsbm2fh1cJ45XO9eGqq,78
120,Tyler Childers,Charleston Girl (Live),3R6yNicsZrWF8ybl02imcB,71
121,03 Greedo,Substance,0MoQI1EZGSHLhd5UBdxPol,76
122,Charlie Puth,Attention,5cF0dROlMOK5uNZtivgu50,84
123,Tom Rosenthal,Lights Are On,4IhTXiZLKATmwhMZIb1GQN,81
124,Mitski,Me and My Husband,3pANfZVFdtuVnJsE6xa5Ox,77
125,Bad Bunny,MIA,3gE4eQH3K83Sght0ZLvuBK,80
126,Cardi B,Bodak Yellow,6KBYefIoo7KydImq1uUQlL,74
127,Lil Yachty,NBAYOUNGBOAT,6K2anECyrckidwf5wxS78Q,73
128,Post Malone,Stay,4H7WNRErSbONkM06blBoGc,77
129,Jordan Davis,Slow Dance In A Parking Lot,6MBUUSIWCzaXW4q58Ktrv9,72
130,Jordan Davis,Take It From Me,3dCZm5HrG0jIXAHfNkg2H0,72
131,Summer Walker,Karma,2Fyjjpg03fn7n5cj0Qm380,76
132,21 Savage,can't leave without it,0hPLZrnDgtKxrym1BHjDhd,75
133,Alec Benjamin,Water Fountain,4IhKLu7Vk3j2TLmnFPl6To,78
134,Camila Cabello,Havana (feat. Young Thug),1rfofaqEpACxVEHIZBJe6W,81
135,Lonely God,Marlboro Nights,755inykyaG4w22GWAsA3MX,77
136,Morgan Wallen,Talkin' Tennessee,7szRiHu6r91o2Po9GTPN4c,71
137,Jordan Davis,Singles You Up,4LiMQ6G9n84rDUBs9wtwz6,72
138,Key Glock,Gang Shit No Lame Shit,6gbiTbclnHlmSIPfmF2zEc,73
139,XXXTENTACION,changes,7AFASza1mXqntmGtbxXprO,79
140,Lauren Daigle,Rescue,7r9kOxiNDnkAg5QKqtyjVk,75
141,Sonder,One Night Only,74fQgHleHZ4V7Gm1XYcGkj,73
142,AJR,Burn The House Down,0TkJIyL69RAUIbNwGub6uR,70
143,Anuel AA,Amanece,1LiN0Z98FkR1t0m8KmLcAH,83
144,Travis Scott,SKELETONS,6NMtzpDQBTOfJwMzgMX0zl,75
145,Cardi B,Money,2GGMabyHXnJmjY6CXhhB2e,74
146,Migos,Walk It Talk It,6n4U3TlzUGhdSFbUUhTvLP,76
147,Drake,Finesse,2WP8G2pdddDmnh1xbfKBOI,76
148,Dan + Shay,Speechless,3GJ4hzg4lrGwU51Y3VARbF,73
149,Summer Walker,Session 32,2ktg2oZDyFAX3iY1QNkXl5,75
150,Doja Cat,Wine Pon You (feat. Konshens),2s4AcE9n80mSHl87lp4gIm,78
151,Beach Bunny,Sports,77G0k1La0c5Dw8bAFANcyp,74
152,6LACK,Pretty Little Fears (feat. J. Cole),4at3d5QWnlibMVN75ECDrp,75
153,Scotty McCreery,Five More Minutes,3qTmB5HxP9ilJaiM6B1yuk,72
154,Kina,Get You The Moon (feat. Snøw),4ZLzoOkj0MPWrTLvooIuaa,80
155,Luke Combs,Dive - Recorded At Sound Stage Nashville,2VWBdFsDJVGlRTdz4PvYwy,72
156,BlocBoy JB,Look Alive (feat. Drake),6HJ34Zyw6bg8yGm28AxLXf,75
157,grandson,Blood // Water,7clyJIrLkEbXUDwj1tC9zz,70
158,Bazzi,Mine,7uzmGiiJyRfuViKKK3lVmR,76
159,XXXTENTACION,infinity (888) - feat. Joey Bada$$,7J2gyNghNTzl4EsLhXp01Q,74
160,Travis Scott,ASTROTHUNDER,4MXhiYIRDMGAuvZc5IFTwC,76
161,The Alchemist,E. Coli (feat. Earl Sweatshirt),3GXSywNvYLAVUCtjMHkKDh,73
162,Future,Fine China,5274I4mUMnYczyeXkGDWZN,73
163,A Boogie Wit da Hoodie,Swervin (feat. 6ix9ine),1wJRveJZLSb1rjhnUHQiv6,74
164,Cardi B,Thru Your Phone,74cVJfmK18rhWnscIpGXjt,72
165,Ella Mai,Trip,6CTWathupIiDs7U4InHnDA,75
166,Ski Mask The Slump God,Take A Step Back,2gQYziDV5cSTRSqr6akzi5,73
167,Freddie Dredd,GTG,46M2hXnaQpueG7vSvgVtVH,76
168,Manchester Orchestra,The Gold - Phoebe Bridgers Version,7qcXUzPwoxSBFxjTbNrV0B,74
169,Lil Yachty,Yacht Club (feat. Juice WRLD),5R2rsbwCDXORX2tLfprRmM,72
170,JID,151 Rum,22WV03i2lBbwNVCE1g671p,72
171,$uicideboy$,Carrollton,2XSrt1dcuOXPgl3B4bxmBz,72
172,Travis Scott,STARGAZING,7wBJfHzpfI3032CSD7CE2m,76
173,Calum Scott,You Are The Reason,69vToJ9BMbbLlFZo7k7A7B,81
174,Los Ángeles Azules,Nunca Es Suficiente,63USmok1OioBzKuWGW9wAg,69
175,Ariana Grande,no tears left to cry,2qT1uLXPVPzGgFOx4jtEuo,79
176,Ariana Grande,God is a woman,5OCJzvD7sykQEKHH7qAC3C,79
177,XXXTENTACION,BAD!,22An65gG31JLf9n18qjdhZ,75
178,Teyana Taylor,Gonna Love Me,3nXrCAE44KlevAkQB2XWcN,73
179,Dominic Fike,3 Nights,1tNJrcVe6gwLEiZCtprs1u,77
180,Lady Gaga,Always Remember Us This Way,2rbDhOo9Fh61Bbu23T2qCk,84
181,Travis Scott,YOSEMITE,7lAK3oHbfEnvUQWosrMMpR,76
182,Khalid,Love Lies (with Normani),45Egmo7icyopuzJN0oMEdk,75
183,"Tyler, The Creator",Potato Salad,1jzIJcHCXneHw7ojC6LXiF,73
184,Bad Bunny,Si Estuviésemos Juntos,35wvL50xvKpCHEJPxLOLPI,82
185,Cory Asbury,Reckless Love,0rH0mprtecH3grD9HFM5AD,72
186,Kenny Chesney,Get Along,6n6OQfBpCgzF9oEg8zhBN7,70
187,Bad Bunny,La Romana,1khmgu0pveJbkbpbkyvcQv,75
188,Trippie Redd,Dark Knight Dummo,4apiNNK0jp9uqn3JDG9My1,72
189,Luke Combs,Must've Never Met You,6ojicjDYUUoeE1tdSvfFo4,71
190,Lil Baby,"Never Recover (Lil Baby & Gunna, Drake)",6wWaVoUOzLQJHd3bWAUpdZ,72
191,Lil Mosey,Noticed,7zLYKWcXnYeHHWidalz7rj,75
192,Mt. Joy,Dirty Love,2bsC6KLZ6a9v6zdoDkziBL,71
193,Metro Boomin,Don't Come Out The House (with 21 Savage),2Grb4G6t9VIqo6moKUloom,72
194,Kodak Black,Calling My Spirit,2MShy1GSSgbmGUxADNIao5,71
195,Luke Combs,"Houston, We Got a Problem",6guWjUuNYziyNXgjFo1IpF,71
196,Leon Bridges,Beyond,1Omt5bfz1tZUCqd26HxbS0,74
197,Drake,In My Feelings,2G7V7zsVDxg1yRsu7Ew9RJ,77
198,Nio Garcia,Te Boté - Remix,3V8UKqhEK5zBkBb6d6ub8i,78
199,Morgan Wallen,Up Down (feat. Florida Georgia Line),3EWMoDIm6lzuR0zQKtuCJX,70
200,LANCO,Greatest Love Story,2yQZwi1P8AkkxxFhQ8rMEK,70
201,Dean Lewis,Be Alright,3EPXxR3ImUwfayaurPi3cm,80
202,Juice WRLD,Used To,0WZFN4E8HrmGUU0EMyKQ8c,72
203,Eminem,Lucky You (feat. Joyner Lucas),60SdxE8apGAxMiRrpbmLY0,76
204,Diplo,Wish - Trippie Mix,6IpvkngH89cA3hhPC84Leg,71
205,Bebe Rexha,Meant to Be (feat. Florida Georgia Line),4e4fqjx0Izh4svvTef1z7e,74
206,benny blanco,Eastside (with Halsey & Khalid),0d2iYfpKoM0QCKvcLCkBao,77
207,Shoreline Mafia,Nun Major,18pwD0HrweX8oCgIkayRb4,70
208,Cody Jinks,Must Be The Whiskey,6VChAU4QENeLwf3OaHBJxC,68
209,George Ezra,Shotgun,4ofwffwvvnbSkrMSCKQDaC,79
210,Anuel AA,Ella Quiere Beber - Remix,3f5lA8nnc4YYF1qf78WpHw,80
211,YNW Melly,Mama Cry,2fSW54bA6x2iWePU7rpCiP,72
212,Anne-Marie,2002,2BgEsaKNfHUdlh97KmvFyo,82
213,girl in red,i wanna be your girlfriend,5PjdC2gMATetx5xdnwGUu7,77
214,Mitski,A Pearl,7fd3aMiuwHWKsTdZafjOfZ,75
215,Clairo,4EVER,5mIOsPuQdXchVY0jB5NO9Q,72
216,Vance Joy,Saturday Sun,2RiBogNRfulkNf7fVbPOrJ,72
217,Only The Family,Crazy Story,5i0eJv1DzuyhaYnro4wTKg,70
218,The Chainsmokers,This Feeling,4NBTZtAt1F13VvlSKe6KTl,74
219,Mac Miller,Hurt Feelings,5p7GiBZNL1afJJDUrOA6C8,72
220,Childish Gambino,Feels Like Summer,7p4vHnYXkxlzvfePJVpcTr,72
221,Godsmack,Bulletproof,6w7ily4cFWEPO0XWFQYeUO,68
222,Shoreline Mafia,"Bands (feat. OhGeesy, Fenix Flexin & Master Kato)",1n8wr8tRHs5jmBxNWXedcn,70
223,Two Feet,I Feel Like I'm Drowning,3aauaXWRgwCMoykMbI0Jq1,78
224,Summer Walker,Girls Need Love,644rGY6maSElnKVsAg1gJj,74
225,Young Dolph,Major (feat. Key Glock),3Yt2ph8Ko0JBANpdawzSF2,69
226,Takeoff,Casper,1B4gJRq61xTs6r1O0Uq2iY,72
227,Baby Smoove,Losing My Mind,2JMW1iCKgPnSqbVVhHR6wI,68
228,Post Malone,92 Explorer,1D2L6MefbXon28PzIk9I3r,73
229,XXXTENTACION,NUMB,01TnVDiet1DFTsyWKUKovl,75
230,YoungBoy Never Broke Again,I Came Thru,2umdwsJRuFHBRw8TCQmYbq,69
231,The 1975,It's Not Living (If It's Not With You),3TgMcrV32NUKjEG2ujn9eh,78
232,Juice WRLD,Candles,1wa6QQsdSE3X2GbRljGpFk,71
233,Tyler Childers,Rock Salt and Nails (Live),20dkebBtPR4AJ8vVos41Gw,68
234,Trippie Redd,Topanga,5aXgz1oKK8Q9z9xvTmSnrO,70
235,Cardi B,Be Careful,2Yl4OmDby9iitgNWZPwxkd,70
236,Mac Miller,Ladders,39NDBdU5Xkm5pCFGa5kZtI,72
237,A Boogie Wit da Hoodie,Demons and Angels (feat. Juice WRLD),3L19besdNQzd342qL78xqm,70
238,Travis Scott,NO BYSTANDERS,6OaVWaGfhXn70ZJfdVcabn,73
239,SadBoyProlific,Dead and Cold,33LizV83s7z1gwtmLiKlmv,73
240,Jay Rock,"King's Dead (with Kendrick Lamar, Future & James Blake)",51rXHuKN8Loc4sUlKPODgH,71
241,Mac Miller,Jet Fuel,2JmFRXaJrkAUD2cs6U20KG,70
242,Kali Uchis,Your Teeth In My Neck,54IbnYEdA3ymfxv07WgN3b,71
243,beabadoobee,Tired,6F5mZpEEjhsAW8UEqbIpz1,73
244,The Marías,Cariño,55DyBUkjebkcYhDGfEXitR,72
245,Novo Amor,State Lines,7CoMBpPTwQi2wPT0U0Nr9b,75
246,Baby Keem,Baby Keem,6Hmc5Afutf4hcrjnBYNidS,70
247,Mac Miller,What's the Use?,2dgrYdgguVZKeCsrVb9XEs,72
248,Migos,MotorSport,4wFjTWCunQFKtukqrNijEt,72
249,Billie Eilish,bitches broken hearts,5t3Vk8bRKylx4fjj7qlbib,75
250,Nicki Minaj,Chun-Li,1e4rwBPVI32vZtTJu7mJ4J,73
251,The Plot In You,FEEL NOTHING,4xDwCYhobDehSBGUmd5H6Y,75
252,YoungBoy Never Broke Again,Slime Belief,2qGfZAgDe1pV2y5xJAhi6R,68
253,Dominic Fike,3 Nights,0uI7yAKUf52Cn7y3sYyjiX,73
254,Jacquees,B.E.D.,1B6TmCvKjC4dopBohVW51x,72
255,Rainbow Kitten Surprise,Painkillers,6fc51JZVE0Yijdi6RuoLFv,69
256,Juice WRLD,Legends,1Knctxx9vGZxpZfF66BIEa,72
257,Khalid,OTW,6Hgh47WXVKtXN5zGOu0hjI,73
258,Mt. Joy,Astrovan,14e46mURUUwB3i2vTe1gFz,68
259,Ski Mask The Slump God,Foot Fungus,3EikYy40GMSp8l5mDV6IQo,70
260,Imagine Dragons,Bad Liar,2RSHsoi04658QL5xgQVov3,81
261,Xavier Wulf,Whiplash'd,52a8SjUaDMkIZeE0kRHr79,69
262,Gunna,Sold Out Dates (feat. Lil Baby),55WLWX71YkHt2tSucNIf1g,71
263,Masego,Tadow,51rPRW8NjxZoWPPjnRGzHw,75
264,Childish Gambino,This Is America,0b9oOr2ZgvyQu88wzixux9,72
265,Gucci Mane,Wake Up in the Sky,2G1tXoGBaEMJ7FKGnkf6ud,73
266,"Dream, Ivory",welcome and goodbye,00RLNHc2jkEjUoCUlFgPVT,72
267,Drake,Mob Ties,7rC5Pl8rQSX4myONQHYPBK,72
268,Twenty One Pilots,Chlorine,23OXdR7YuUBVWh5hSnYJau,76
269,Playboi Carti,FlatBed Freestyle,5nayhWICkQGMTkisxVMbRw,71
270,Migos,Narcos,0wbnC9AUenxp613TYaJsGK,72
271,Summer Walker,Baby,7aVKQJZwdqyEPkvKSyEuxj,72
272,Juice WRLD,I'll Be Fine,0INehbMZOFPnaPBAjK97i3,70
273,Queen Naija,Medicine,4lFfMRH0YH4pW5gczTDbNC,68
274,Nipsey Hussle,Grinding All My Life,3R9j8urSPiBbapNbyuSYkE,71
275,Cheriimoya,"Living Life, In The Night",2kx5sQgmjYug0GiDh1a4sU,81
276,Rich The Kid,Plug Walk,1ZAyjvIk9YiD76yYy0TEG6,72
277,Kali Uchis,Just A Stranger (feat. Steve Lacy),1HA2V2EfAgJUBVOju4YfiB,70
278,Simple Plan,I'm Just a Kid,6otiaV2fagE3s8IvP6WkwG,73
279,XXXTENTACION,Floor 555,6r7ULK6c5CLVvImjTIztl1,72
280,The Weeknd,Hurt You,6QdnKD1zwEgyOWtkrdzlOF,76
281,Lil Wayne,Mona Lisa (feat. Kendrick Lamar),0dbTQYW3Ad1FTzIA9t90E8,69
282,Sean Paul,No Lie,48QmG1dfvMuYLxMPt7KSRA,83
283,City Girls,Act Up,3A2yGHWIzmGEIolwonU69h,69
284,J. Cole,KOD,7yotKA30dwTKNEGomV9ZsI,70
285,$uicideboy$,Coma,73hmZZ7HyLgUQj2DaybfBb,69
286,Juice WRLD,I'm Still,19m3E0nMZobyA93AxMXC32,70
287,Alec Benjamin,If I Killed Someone For You,0WHi11uzahqpEtPGYCW6oQ,73
288,BLACKPINK,DDU-DU DDU-DU,4lQsB3ERTWSNaAN1IkuNRl,76
289,Tyler Childers,Deadman's Curve (Live),3BLKY8w5XTehYgLb3cFZgg,67
290,DJ Snake,"Taki Taki (with Selena Gomez, Ozuna & Cardi B)",4w8niZpiMy6qz1mntFA5uM,78
291,I DONT KNOW HOW BUT THEY FOUND ME,Choke,37mfTcSlX60JtAvAETytGs,71
292,Cosculluela,Madura,5n2XTRsYFlZwNBp06KAjDX,80
293,HARDY,REDNECKER,0YVdTI4w1BEqSjGNXcRjX1,68
294,Drake,Jaded,4c2xt1trwYZpMqPWY35Xi9,70
295,KIDS SEE GHOSTS,Reborn,4RVbK6cV0VqWdpCDcx3hiT,70
296,Eminem,Killshot,1jo3TwNGCXfNdB5uba3ZVv,72
297,XXXTENTACION,whoa (mind in awe),7pdF27mSDuPWhppnHAmWHa,73
298,Maroon 5,What Lovers Do (feat. SZA),2j5hsQvApottzvTn4pFJWF,67
299,Crafting Audio,Cabin Noise Focus,3kxUcpFquT4ZdvJC1Nyu5q,74
300,Halsey,Without Me,5p7ujcrUXASCNwRaWNHR1C,77
301,Ozuna,Solita,7rwX0O3RlxqqIjQM8evm5E,76
302,Takeoff,Last Memory,1fvCggAYrW0VtCljtqv4h2,69
303,The Weeknd,Try Me,4ppTAJUbNXELZcoUaL90wo,76
304,Giveon,Garden Kisses,62d6YXEYxmMWAuLpw1EysL,70
305,Jeremy Zucker,comethru,18uwL0vNUanqZH0ro2QcOP,78
306,A Boogie Wit da Hoodie,Love Drugs and Sex,1Gno5IBUHh6vUKp4nxu2Yd,69
307,The Weeknd,Wasted Times,7DKS0rX27cCEPsK0R6tFWS,74
308,Bad Bunny,Otra Noche en Miami,4vCAzANUWDE24URV6wQ4ra,79
309,Marshmello,FRIENDS,08bNPGLD8AhKpnnERrAc6G,79
310,Only The Family,No Auto Durk,4VcPtoOpK3oBMDZJ9Ptp9f,68
311,Juice WRLD,Scared Of Love,49QVOdWgGagzLrThkIqtK6,70
312,lovelytheband,broken,6XcfKZvJio9Z0fQy11GnNX,70
313,Alec Benjamin,Boy In The Bubble,60cYr5uuMoxvyuIx45rGEW,71
314,Lil Peep,Life is Beautiful,5rYpwP1dHWGVMrSZbTmt3e,72
315,Shinedown,MONSTERS,1qAuIPMALdFtGv2Ymjy5l0,68
316,Strawberry Guy,F Song,4z9KVNX4hmk672SJfhtQNz,71
317,Yung Gravy,Mr. Clean,5GxnROd93Y7NGt2ci0TwBw,68
318,Kacey Musgraves,Butterflies,30VHURM5NOfoZmqp2iKawS,68
319,Lil Wayne,Uproar,3wScL5W8H40zzCKN0atfBk,68
320,6ix9ine,FEFE,1M6SuEJZJkZf2S419vIPkB,72
321,Lil Peep,Runaway,1FBi1YWCAxlRmfuUbMINqO,72
322,5 Seconds of Summer,Ghost Of You,1MhXdlCQPnO56T57MfmaRm,76
323,Ocie Elliott,Down by the Water,4Vutl1Y7OJOBwIqVISNmzL,71
324,Mac Miller,2009,6dFn6my1sHK2bcf23GlHwM,70
325,Jubël,Dancing In The Moonlight (feat. NEIMY),4GSDkZt7GcmzBWmsMcpaVO,76
326,Kacey Musgraves,Slow Burn,6ET9kf9riLETWs9lePUEAI,68
327,Peach Pit,Alrighty Aphrodite,6OiRh4kttAs1YWglvTcYkB,69
328,King Princess,1950,0CZ8lquoTX2Dkg7Ak2inwA,72
329,Bishop Briggs,River,3mRLHiSHYtC8Hk7bzZdUs1,75
330,Daniel Caesar,Who Hurt You?,23c9gmiiv7RCu7twft0Mym,70
331,Gregory Alan Isakov,San Luis,7gDNQLV9cr8449LFrQbk5J,71
332,BETWEEN FRIENDS,affection,4LyIHEDbAWDeKV0JbVZae9,70
333,Joji,Will He,7wvwXi9Z66dcH5t202vVkN,72
334,The 1975,Love It If We Made It,6WmIyn2fx1PKQ0XDpYj4VR,73
335,Blackway,What's Up Danger (with Black Caviar),5zsHmE2gO3RefVsPyw2e3T,72
336,Ariana Grande,everytime,0WdR2AyLW1Drd3OUdwezM0,77
337,Marshmello,Spotlight,6VrCmhRBFnuGKmtNfk4jDs,72
338,Russ,Missin You Crazy,4ve2uzqdwnHr20G5YgMMqr,70
339,Everybody Loves an Outlaw,I See Red,5MAK1nd8R6PWnle1Q1WJvh,77
340,Eminem,Venom - Music From The Motion Picture,2SL6oP2YAEQbqsrkOzRGO4,75
341,YoungBoy Never Broke Again,Through the Storm,7bOlOJHn9IOaXX7IwaK905,67
342,Casting Crowns,Nobody (feat. Matthew West),0W7KIc2GSB9suYQAaMZ9rF,70
343,Still Woozy,Lucy,5RxpYHVbGJPOvSEATQyg9P,69
344,Juice WRLD,End Of The Road,24BNgrtp6Fag4M5BQPEgsV,69
345,girl in red,girls,04OSnqlwlBJMvidYccraVz,73
346,YBN Nahmir,Rubbin off the Paint,6V4KHt9xu4TPEnDFoBeacT,68
347,Panic! At The Disco,"Hey Look Ma, I Made It",22oEJW6r2rMb9z4IntfyEa,69
348,Drake,Can’t Take A Joke,1dUHF4RyMmMTveJ0Rby6Xm,70
349,Mitchell Tenpenny,Drunk Me,1G4cdOtF36ZCs6i2dZoC87,67
350,Jeremy Zucker,all the kids are depressed,75ls0gurX68lUmMjE7QcsE,75
351,T3R Elemento,Aerolínea Carrillo,0xYTyyfV767E2Vn3hz56kL,75
352,Selena Gomez,Back To You - From 13 Reasons Why – Season 2 Soundtrack,4hQ6UGyWQIGJmHSo0J88JW,76
353,Caamp,26,1N811YTtLlW8N5ie5cPamm,67
354,Jordy Searcy,Love & War in Your Twenties,3m9al81IVXLFCF4vG8Nqjw,67
355,Travis Scott,COFFEE BEAN,6vnfObZ4Ys70SBAtti1xZ9,71
356,Au/Ra,Panic Room,7uUahoeqGNRMbpdeiLj1rS,72
357,Kacey Musgraves,Rainbow,79qxwHypONUt3AFq0WPpT9,69
358,Jay Rock,Wow Freestyle (feat. Kendrick Lamar),0gV5B7zmJkS1aaH9APokrH,70
359,Troye Sivan,Strawberries & Cigarettes,3afkJSKX0EAMsJXTZnDXXJ,81
360,Earl Sweatshirt,Riot!,6cmt9CRoK0KGcNg9Tpje53,69
361,Adriel Favela,La Escuela No Me Gustó,4qArKIA7dnmdushoBlkV94,74
362,Famous Dex,JAPAN,5PTG6rrL6EPFD9E2QMI2pl,69
363,The Weeknd,Pray For Me (with Kendrick Lamar),77UjLW8j5UAGAGVGhR5oUK,72
364,KIDS SEE GHOSTS,4th Dimension,6JyEh4kl9DLwmSAoNDRn5b,69
365,Kelsea Ballerini,Miss Me More,5NfJGBAL9mgFPRQxKJmiX2,66
366,Current Joys,Become the Warm Jets,7Ko1ZXgGku1hjFH7LIfD33,69
367,6ix9ine,MALA,4epHhc2lvhFYzMlKA23O3G,79
368,Tyga,Taste (feat. Offset),5IaHrVsrferBYDm0bDyABy,73
369,BTS,Euphoria,5YMXGBD6vcYP7IolemyLtK,79
370,Teddy Hyde,Sex with a Ghost,1Y2583xYzwiEXDetAB7H1Q,70
371,Molchat Doma,Судно (Борис Рижий),1SHB1hp6267UK9bJQUxYvO,75
372,Mt. Joy,Julia,0LO7f7ZJg871B8hLTRzrfB,67
373,Ski Mask The Slump God,Catch Me Outside,4rgwri7LajWVZvdj2N81SS,68
374,Paulie Leparik,Middy Titty,3QVe9gr87GYcRXAkVpPVYl,70
375,keshi,like i need u,7ivYWXqrPLs66YwakDuSim,75
376,King Von,Crazy Story,4eYrjXGlDycrqg7a0Wgwed,66
377,ilyTOMMY,Princess Bubblegum,2O9KgUsmuon6Gycdmagc6t,69
378,Dan + Shay,All To Myself,08tq1XcHwVt5PHXUo87i0D,67
379,Post Malone,Rich & Sad,2VdT56BGpdqNHUgOe1j5vc,69
380,NAV,Champion (feat. Travis Scott),6nO3tr47nr2P7f3hXb8JIo,71
381,The Internet,Hold On,5tqZJUHEuqdN12RZVq2l9p,68
382,ZAYN,Dusk Till Dawn (feat. Sia) - Radio Edit,3e7sxremeOE3wTySiOhGiP,80
383,Kevin Gates,Me Too,3yXFcbGxFn2au5q3pShkAe,66
384,Haley Heynderickx,The Bug Collector,5nVE45ithgyVocZp5XLAk6,70
385,J Balvin,Mi Gente,7COfe3P7KgfwDwIRB8LIDw,76
386,Bazzi,Fantasy,1i36kkhmhBxf4lYJscg5zK,74
387,Chris Lane,I Don't Know About You,3yOs8FffuG6hPbzQG9lIqV,66
388,Alessia Cara,Out Of Love,4WzhjxvLP95y7AMDy0Atwb,73
389,Lil Xan,Betrayed,4vaxvNDaLSoD36iZX515ug,70
390,Morat,No Se Va,4khWEpnaijN0G1x019Uzdr,84
391,Vacations,Honey,7IBzp33O4Hjr92wXtH3yQJ,69
392,Bazzi,Beautiful (feat. Camila Cabello),4VUwkH455At9kENOfzTqmF,75
393,Dierks Bentley,Burning Man,4a1oIihVt6xSnDRpgX387M,67
394,RL Grime,UCLA,3OaunNUlXXs5e2PXtNAzzG,67
395,TWICE,What is Love,3zhbXKFjUDw40pTYyCgt1Y,77
396,Mark Ronson,Nothing Breaks Like a Heart (feat. Miley Cyrus),27rdGxbavYJeBphck5MZAF,79
397,YG,"BIG BANK (feat. 2 Chainz, Big Sean, Nicki Minaj)",0ZNrc4kNeQYD9koZ3KvCsy,67
398,Matt Maltese,As the World Caves In,3NM41PVVUr0ceootKAtkAj,71
399,Post Malone,Ball For Me (feat. Nicki Minaj),6IaieqiCVvsNvEt6Y7yOFa,69
400,Key Glock,Since 6ix,0lOKsvuwUhu0a6ZEaviQ46,66
401,Khalid,Saturday Nights,5kfNriitmkNE8mUbZ7gbq8,71
402,Drake,I'm Upset,3qN5qMTKyEEmiTZD38BNTT,69
403,Aldo Trujillo,"Todos Hablan, Nada Saben",0SIooo95Kba3UwPBRUOcmd,72
404,Playboi Carti,R.I.P. Fredo (feat. Young Nudy) - Notice Me,45Ln3F9PRPYTXBcMFkZMzS,68
405,Lil Gnar,Sticky Rice (feat. Germ),2QG6sy6xFILDbmLXYTUJGW,68
406,Lykke Li,sex money feelings die,0g4fzRkbLeCDUCoe5iUOcf,73
407,Clairo,Hello?,7qwt4xUIqQWCu1DJf96g2k,69
408,for KING & COUNTRY,God Only Knows,4ElNxglBjcrASiGn58t9Jm,67
409,JENNIE,SOLO,2wVDWtLKXunswWecARNILj,75
410,Shinedown,DEVIL,2hEYslbdYWFSIA6JboUvnR,68
411,Her's,Harvey,1zFbBrZmJr1Z49HYe84dBg,68
412,Jimin,Promise,2RUcwyW74Sv4VracHFrKdh,78
413,Riley Green,When She Comes Home Tonight,3QE9qyQrIgefznSchAYJPB,65
414,Shawn Mendes,In My Blood,2QZ7WLBE8h2y1Y5Fb8RYbH,75
415,Kodaline,Brother,65gLJGey4u4KFFqoC5fzFJ,76
416,Gunna,Top Off,0HCnj7pfrvshnocOJUFeit,69
417,YBN Nahmir,Bounce Out With That,5gQcxYXqnofyocKgEbGYKt,67
418,Maddie & Tae,Die From A Broken Heart,1kFpL1itkwkdhO6kcmNJra,67
419,keshi,2 soon,5SlU0Yhi51jobhEiGE4xDv,75
420,Bad Bunny,Amorfoda,68QcquxCS39cQGTsRrJWIR,77
421,Maroon 5,Girls Like You (feat. Cardi B) - Cardi B Version,6V1bu6o1Yo5ZXnsCJU8Ovk,67
422,Joji,WANTED U,0Y9D1Bc4fAkeZnVsGKdij6,70
423,Dynoro,In My Mind,0E9ZjEAyAwOXZ7wJC0PD33,80
424,Kanye West,I Love It (& Lil Pump),4S8d14HvHb70ImctNgVzQQ,74
425,Cardi B,I Do (feat. SZA),1f5PNhkNgUpvDEeZfcIlO1,68
426,Godsmack,When Legends Rise,1Si7crvw1M6Kgz9XiAtMiJ,65
427,Papithbk,Why Am I Waiting,2po3166NqW72LwAwh8Hbld,71
428,Metro Boomin,No Complaints (feat. Offset & Drake) (Bonus),156LzfvMNKuXuiot4uzhGD,69
429,Joji,CAN'T GET OVER YOU (feat. Clams Casino),39oeKRgsLeynDIbWuXyA47,70
430,BTS,FAKE LOVE,6m1TWFMeon7ai9XLOzdbiR,78
431,Lucy Dacus,Night Shift,1yYlpGuBiRRf33e1gY61bN,68
432,NOTD,So Close,7FjZU7XFs7P9jHI9Z0yRhK,70
433,Lil Peep,16 Lines,6akBF8JWM8lrpqejdwIfYI,70
434,Bebe Rexha,I'm a Mess,04ZTP5KsCypmtCmQg5tH9R,74
435,Playboi Carti,Lean 4 Real (feat. Skepta),1JgkiUg9mSXSwcb5Gbi4Ur,69
436,Frank Ocean,Moon River,41cpvQ2GyGb2BRdIRSsTqK,69
437,"Tyler, The Creator",435,5xJeZ6tLPOXNIrrphEIuay,68
438,Morgan Wallen,Not Good At Not,5V4Sx4VKnHwyM6CjZnfce2,65
439,YoungBoy Never Broke Again,Valuable Pain,61Oo3DUJubecZQosjho6Pp,65
440,Morgan Wallen,Little Rain,51T2SPBH4YjbrFJE94NJT6,65
441,Alina Baraz,Floating (feat. Khalid),2vLWF4yFhTHQZVwrPTjH1s,69
442,21 Savage,pad lock,5stbfxsPi8gcOH2LCuA4Le,67
443,Shoreline Mafia,Musty,2bkKnaLTMCghmjlcPBoYWd,66
444,Dybbukk Covers,I'm Only a Fool for You,5yfnAsPrvrjiLOhWFycNP4,76
445,Brett Young,Catch,53cGGBxGPaRjP0HVUESyW5,66
446,Tiësto,Jackie Chan,4kWO6O1BUXcZmaxitpVUwp,73
447,Bad Bunny,NI BIEN NI MAL,278kSqsZIiYp8p3QjYAqa8,73
448,Lil Wayne,Scared of the Dark (feat. XXXTENTACION),3vWzyGTu6Ovo1GdrcJqH6e,70
449,Alina Baraz,Electric (feat. Khalid),2mj7x99sNUsVHPBRK51zlG,68
450,Shordie Shordie,Bitchuary,4dV3okcjbQwTcg4ObIGr4N,65
451,Ariana Grande,breathin,4OafepJy2teCjYJbvFE60J,73
452,Eyedress,Cocaine Sunday,5HzrX4aKVfb1NQCsaqf6R0,68
453,Jimmie Allen,Best Shot,3VamXAvVMczcS2PTYtPfBQ,66
454,Quando Rondo,ABG,1mHLxIGKfmWBdH1bZzO7pW,66
455,Comethazine,Walk,0sVcnEo2jnUnr3p7uVDZ9o,67
456,The Marías,Over the Moon,02wNtFxlr9dLmZXKT5TIF5,68
457,Adam Calhoun,Die Tonight,2WHvIa5dLVt9eqNly6iwU8,65
458,Travis Scott,HOUSTONFORNICATION,58TaFP5j5i9swOf584yon2,71
459,Riley Green,Georgia Time,5XqHOqbjKb7YsQV6f3eGeD,64
460,Diplo,Wish,7lxOjQyVsHQ8toQeT7IgCc,64
461,Piso 21,Te Vi,059bcIhyc2SBwm6sw2AZzd,80
462,Bas,Tribe (with J. Cole),0YAQnYt2oB8OdoaeqnHyTI,68
463,Shiloh Dynasty,Again,5e2l2ZAMwHmrkdM4Z6NhAR,74
464,Vertical Worship,Yes I Will,1sF4VadVaVTvp9WTEy79JT,67
465,Logic,Ballin,17N5FdRwJuv3UXQ7MHnbhF,71
466,flora cash,You're Somebody Else,0pdKRp2sUthTPe7RLWpPqQ,73
467,Phoebe Bridgers,Scott Street,21uFPefbgeR3QLVJWATlrr,75
468,Lil Dicky,Freaky Friday (feat. Chris Brown),10Igtw8bSDyyFs7KIsKngZ,71
469,Doja Cat,Candy,1VJwtWR6z7SpZRwipI12be,72
470,Logic,44 More,3e7Y6sfFlIdBMJhX7wpqVO,68
471,Justin Timberlake,Say Something (feat. Chris Stapleton),1LhMopPAallLeaeNutqbgS,72
472,Kina,Can We Kiss Forever?,58wyJLv6yH1La9NIZPl3ne,77
473,XXXTENTACION,before I close my eyes,16x9bQHw8TBNaGDyULvwad,69
474,Travis Scott,WAKE UP,20MuVazoNMv6xjKPnRFOxG,70
475,Tate McRae,Teenage Mind,1vdjJ55uw3WOuu7ZSyABFP,71
476,Anson Seabra,Welcome to Wonderland,3JfHYZKy5JmE5Fv4gDTCiz,72
477,Cardi B,Bartier Cardi (feat. 21 Savage),0dIoGTQXDh1wVnhIiSyYEa,67
478,$uicideboy$,122 Days,77o41Py1xkwaxs3200SKhW,66
479,Charlie Puth,How Long,6wmAHw1szh5RCKSRjiXhPe,75
480,Conan Gray,Lookalike,4K3gM7kzX4POAfrs71HomN,71
481,boygenius,Me & My Dog,74uoN2UfgdUAzwVeFaRUE2,67
482,River Whyless,Motel 6,6hUTzxvNiJ1c0lYqgoOTBW,67
483,YoungBoy Never Broke Again,TTG (feat. Kevin Gates),28u9JaFwO7GX2YNARkq37P,64
484,Red Velvet,Bad Boy,5GKwq4sO5ZHKuWaDmdwMQc,74
485,Mac Miller,Wings,16umSNZfofRpDqTvf8DIAo,67
486,Kacey Musgraves,Golden Hour,0pMfPzdRiPAoSM9yWF4OcT,65
487,Playboi Carti,Home (KOD),5wPyd3IQAZft1vmxoIqGrU,66
488,ODIE,North Face,63bAGRSSX2V1hhPSP2NpBC,69
489,benny blanco,Roses (with Juice WRLD feat. Brendon Urie),1KVczjazCcCCgM3gXXUl47,68
490,Mac Miller,Programs,1883mCuSqnfnrWoq8i3myH,67
491,Smino,Z4L (with Bari & Jay2),3X6YJcqTinaNraRvojF62K,66
492,Ellie Goulding,Love Me Like You Do,0Cy7wt6IlRfBPHXXjmZbcP,76
493,Raymix,Oye Mujer,37kCg5izHEMZ66xGdMVG5L,71
494,Roddy Ricch,Die Young,3wLtYwtqvKK2ewelSVPeDK,70
495,Wiz Khalifa,Hopeless Romantic (feat. Swae Lee),7IBSffWIu7P2MC7kMwy2FM,68
496,Current Joys,Fear,4rHfpAN2CK3H6eRWd7j7E0,68
497,Fleet Foxes,Mykonos,2s7pyee9w04uQy3cNKzey9,67
498,MC L da Vinte,Parado no Bailão,3Hb9kUdm4yf839Fle4RIdT,79
499,Morgan Wallen,Had Me By Halftime,3xca35T5BVLg4ePuVzc7wW,64
500,Alan Walker,Faded,698ItKASDavgwZ3WjaWjtz,81
501,Joji,TEST DRIVE,1DMEzmAoQIikcL52psptQL,70
502,Ozuna,Vaina Loca,48zFZh27QU5qsrBjn4C2FA,77
503,Nicki Minaj,Barbie Tingz,2qsQ8eVDPmobZpvDxQCVQu,68
504,Lil Uzi Vert,New Patek,0Fpen1PTuEnCmOJtUU9Iud,66
505,Ella Mai,Naked - Bonus Track,0SbOpoBzBBCqWIcvo94JeD,68
506,YNW Melly,Virtual (Blue Balenciagas),4dqkKnzOJ3fWduqKcHi374,66
507,Camila Cabello,Never Be the Same,4eWQlBRaTjPPUlzacqEeoQ,74
508,Bad Wolves,Zombie,1vNoA9F5ASnlBISFekDmg3,70
509,Trippie Redd,Love Scars 3,0AcicReEGm1qcENjqzh1Tg,66
510,Pat Barrett,Build My Life,2UeOsbOZ3h1QxUX2Jfw42j,67
511,Ghost,Dance Macabre,1E2WTcYLP1dFe1tiGDwRmT,65
512,A$AP Rocky,Purity (feat. Frank Ocean),2MF4HtZHBoUliOi9nOAbS0,68
513,YoungBoy Never Broke Again,No Love,7bLwNfeIviCy6WANVRB1Kj,64
514,Freddie Dredd,Killin' On Demand,2qOfyyZc41LfQ63U9p3GVV,69
515,Sofia Mills,Coffee Breath,28TkNtKHx6UnOZuoyv3Jzv,69
516,EHAMIC,"Koinu no Carnival -From ""Minute Waltz""-",3OP9la2QTA5artehqjFJCp,70
517,Jason Aldean,Girl Like You,7K0lR5Ngf5jkOWt1g6ut6l,64
518,Aaron May,Ride,4QEks3yeZVdjNV1zTqxp1F,67
519,Playboi Carti,Love Hurts (feat. Travis Scott),3K6U7TamNyVSWcFH8pCQHX,68
520,Clairo,How - demo,2lO8mP1QvI7RizGcBYQ7Mx,68
521,Future,Realer N Realer,4VMiNOpnjRwSCwmHaUfOMM,67
522,YoungBoy Never Broke Again,Genie,7E6knQgEAcU0nIjQJuwrIv,65
523,Anuel AA,Quiere Beber,0FDMH2ahuIVzCybwHJK9zh,76
524,Famous Dex,PICK IT UP (feat. A$AP Rocky),0dSIrRkA4PadGll16TgbnV,67
525,Clean Bandit,Symphony (feat. Zara Larsson),72gv4zhNvRVdQA0eOenCal,78
526,Lil Donald,Do Better,4u81A6n7C0MonCyMx4lmMy,65
527,Maluma,Felices los 4,1RouRzlg8OKFeqc6LvdxmB,75
528,Fatboibari,Moonlight Shawty,7wkgkIBYBH3xV2ob9Zmh87,67
529,Migos,Notice Me,3OnOomd79OjqSYHchCQ6ht,69
530,Doja Cat,Go To Town,6iOvnACn4ChlAw4lWUU4dd,66
531,D. Savage,Opera,3dnNDWgB0FAgjy9K1rSTKn,65
532,Silk City,Electricity (with Dua Lipa),5N4erncE7kuUccm7zEmwzk,73
533,EXO,Love Shot,0yB4jrSwN0bFtFRDR5vyMj,77
534,Brent Faiyaz,Make Luv,2CInzVilMduj9L8dDXwyUA,66
535,Drake,Don’t Matter To Me (with Michael Jackson),6G8kHiVZ1jW7vHMPVRNZU0,70
536,SiR,D'Evils,0wY9rA9fJkuESyYm9uzVK5,67
537,SadBoyProlific,Alone,50OPOdJbRx9iCJXGultmUf,67
538,Rae Sremmurd,Powerglide (feat. Juicy J) - From SR3MM,1BuZAIO8WZpavWVbbq3Lci,67
539,YNW Melly,Freddy Krueger (feat. Tee Grizzley),0hwkukpHcBJfGcIUxi1tK2,65
540,Maroon 5,Don't Wanna Know (feat. Kendrick Lamar),1nueTG77MzNkJTKQ0ZdGzT,64
541,Mike Sherm,Pimp Hoe,5kDYSgjAEPeWwrfJD5zDV6,63
542,Polo G,Gang WithMe,1uMMWkJbsMkecvfx96d2F7,66
543,Teedra Moses,Be Your Girl (Kaytranada Edition),38spM0LahLUfQhOMAqA7AI,69
544,Future,Hard Work Pays Off,6gzIcEUuswJQGfJNPYMjjv,66
545,J. Cole,Motiv8,1AT4xjNarTswd0UZ5FlmKF,66
546,Nipsey Hussle,Hussle & Motivate,2hVtGnJeHOo0EqjzYXNFg5,65
547,Limbo,Airplane Mode,7c0ss9FGSyXGNczL4gV75a,66
548,Shawn Mendes,Lost In Japan,79esEXlqqmq0GPz0xQSZTV,72
549,Curren$y,The Count (feat. Wiz Khalifa),171PWhxgdrIOgcAiBPO3Gr,67
550,Kool & The Gang,Get Down On It - Single Version,2je56j0xuoTi1gYkLLMlJU,71
551,Sabrina Carpenter,Sue Me,3WVhkjB7Y4xFruqoCAajBb,68
552,KYSLINGO,Limbo,5VYWq0GGM1L4OF8jBdEEov,67
553,Mac Miller,Dunno,3YnwIp2b99p3e5dsFTXIIx,67
554,Ed Maverick,Fuentes de Ortiz,0akyEssGRVHstqCSWXusJL,79
555,DJ Luian,La Ocasión,20pJKlNIU3J1CrvhBr1kQ8,76
556,Kiana Ledé,Wicked Games,0TYhf0MgEj4YJaKwo5c4Km,74
557,KYLE,iSpy (feat. Lil Yachty),6xbraxG0bSBOuAr5IUXmtM,66
558,Louis The Child,Better Not (with Wafia),7n1940b6kHcaEewFSZXnXa,65
559,girl in red,4am,75enpZYDT6k0PNKu6SJ4W5,70
560,Darci,On My Own,0F4FejjWi3bf5vGOkuQwPS,77
561,Post Malone,Over Now,09IOPhEh1OMe0HD9b36FJk,69
562,Logic,Everyday,4EAV2cKiqKP5UPZmY6dejk,68
563,Rod Wave,Weight On My Shoulders,5PVHJQ1iuQZ7srMFQYj9ML,63
564,El de La Guitarra,A Lo Lejos Me Veran,3VHtIuKm8MvOTo81Usu2f5,69
565,Jacquees,You,01jIO8SJFnpSiNLH1JaBZ5,68
566,Carin Leon,Te Vi Con Él,3zK8zUmJzPAF4x1AtkxIcR,73
567,Fuerza Regida,Sigo Chambeando,4PR0r2us3a64lTew6TVlF2,68
568,Good Morning,$10,3koAwrM1RO0TGMeQJ3qt9J,67
569,Jason Aldean,You Make It Easy,2ZxTjs4EdJl4Y9YByIiNoo,64
570,Duckwrth,Start a Riot,6V81K1OcvYgHEnCA6A2Qx9,66
571,Juice WRLD,Rich And Blind,6QNFQJKlZUKr0xlGZ74CZJ,67
572,J. Cole,1985 - Intro to “The Fall Off”,7EulRO07ZgchxqKUHb8Pvc,66
573,Dominic Fike,She Wants My Money,0IajnzlicUA89rZSkqfLPS,68
574,Cardi B,Ring (feat. Kehlani),5DfWF0jqMgZDCiu9zJENTA,67
575,Aflacko,Cake,23OCmW1EsawtZSK0J2AUHT,65
576,SadBoyProlific,Walk Away,6mhMFztI38c0CZr8CEnPrD,68
577,SOB X RBE,Paramedic!,2tPcTFiQF9MbVUyjZ3zDhA,65
578,Scotty McCreery,This Is It,74CEfiZthUGX5yUNNUM4bj,64
579,The 1975,Be My Mistake,18UsAG7SfOQ5sxJEdjAMH0,73
580,Imagine Dragons,"Zero - From the Original Motion Picture ""Ralph Breaks The Internet""",2bzitsPcImYC6DZWvvLCQi,71
581,James Bay,Us,16XiTUC2rQvb5lmtOm3FYY,74
582,Cavetown,Lemon Boy,3Yvk0ZLxMlt6ioasvdN6vB,68
583,Bazzi,3:15,6pmZMP2ET1OJi5rKfLO8jD,66
584,Nipsey Hussle,Last Time That I Checc'd (feat. YG),39xWBHPM4E9MwzEy5gbM7p,66
585,Dierks Bentley,Living,54K7AZoGpQklpygKrxZlKN,64
586,League of Legends,RISE,69Sy7207dnixZ6w7RSV9Kb,73
587,Post Malone,Spoil My Night (feat. Swae Lee),5VuxWXbt7XENQCtE9TzpTv,67
588,Reddy Redd,Hero,07KAR4TO4XNVI9QpOx7aOq,63
589,Post Malone,Paranoid,3fpVWegR6YOS1Yk5HSMYIq,68
590,Nipsey Hussle,Double Up (feat. Belly and Dom Kennedy),4iVD0fTHGxV9JWloujsL3s,65
591,Vance Joy,I'm with You,6Qwuw0eOeszVlewLpu24gR,67
592,Maroon 5,Girls Like You,6OEHjJJvdkk1Ln0p0AZdyz,64
593,Calvin Harris,Promises (with Sam Smith),5N5k9nd479b1xpDZ4usjrg,77
594,SIX,Don't Lose Ur Head,6sUQqRmOcRyAG5M3EWXzr3,68
595,Lauren Daigle,Look Up Child,3UUPQ4sAtAVnkcaSr06NBi,65
596,Bad Bunny,Estamos Bien,2OWVCFTolecLiGZPquvWvT,73
597,Morgan Evans,Kiss Somebody,4f3fb3alVLFc8Ga4ncpg7x,65
598,Juice WRLD,Long Gone,17Cs25j5Ui6X6W4Hk1kAyC,66
599,Hillsong Worship,Who You Say I Am - Studio Version,2KngtvMAc2wmPipizcEnce,63
600,Travis Scott,R.I.P. SCREW,4SZepBIPDRwPaHIjAKwRDb,69
601,Papithbk,Love Is a Drug,0Q06s7TNQH8irO2sfvuFnn,68
602,JID,Off Deez (with J. Cole),3JAeYOjyJodI4PRs44lx2l,65
603,Lil Wayne,Let It All Work Out,3BUWNzPWz2mDbptZmGEXpB,64
604,Lil Baby,Never Needed No Help,7cEZShpmZ7dencnV8ibyUS,65
605,Alec Benjamin,Outrunning Karma,2W0AJEbIC2vdZTV2nVSAsg,68
606,Jason Aldean,Drowns The Whiskey (feat. Miranda Lambert),2dwoqUYTy6SOy1dFqcTndC,63
607,K/DA,POP/STARS,5sbooPcNgIE22DwO0VNGUJ,72
608,Wallows,These Days,4gZDCOFuLCxCRWNhSEcOtJ,67
609,Travis Scott,STOP TRYING TO BE GOD,1xYpVRspgaLxdJLOTQkTjg,69
610,J. Cole,ATM,2UciqgwVDwro0fev3MFbxJ,65
611,flipturn,August,0elCmyfISzkP5tAYTVuYjS,64
612,Arizona Zervas,FML,6lruHh1jF7ezgbLv72xYmf,68
613,TV Girl,Pretty Boy,2vVXZKnEIU5j0yVDGQX46l,67
614,Bad Wolves,Zombie,1eadPrzB2P0ikQcqhKSAtv,67
615,6ix9ine,BILLY,5KhFaq45chTw8RGfWo8T8J,70
616,FISHER,Losing It,6ho0GyrWZN3mhi9zVRW7xi,75
617,Sia,Snowman,7uoFMmxln0GPXQ0AcCBXRq,77
618,Gunna,Oh Okay (feat. Young Thug & Lil Baby),38844QuZDlnt44uHPrSA3S,66
619,Drake,That’s How You Feel,41a7dZcq30Ss5kPMayWRV0,66
620,Pedro Capó,Calma - Remix,5iwz1NiezX7WWjnCgY5TH4,75
621,Ashes To Amber,IRIS,61jCFoNIuzQnc9UovuzNVW,65
622,Molina,Hey Kids,5poS8LyxohSACjuIZ61EyS,68
623,Blood Orange,Charcoal Baby,3bBmpVl9rQKJsFFGLFilIS,66
624,Dominic Fike,Westcoast Collective,7rNun2AyLu4u4rQpRt0iS9,65
625,Teyana Taylor,Issues/Hold On,0bxmVPKnEopTyuMMkaTvUb,66
626,Bea Miller,S.L.U.T.,6h3lMAmmpQDFqoHk9F99IR,67
627,Lil Peep,Sex with My Ex,0H1Had94fszD13qsFsP1U5,67
628,Mitski,Why Didn't You Stop Me?,2nifujUVU1XyhTSHI2kQ8g,68
629,$uicideboy$,I'm Done,1rH7UXSGDTZBYPiRW3bNI6,65
630,Claude Debussy,"Suite bergamasque, L. 75: III. Clair de lune",1cmigB9I6IRpFqjIbzvSQB,69
631,Herencia de Patrones,Ladeando (feat. Fuerza Regida),0vgqt0mRZmbb3b57i9p8wV,70
632,High Altitude Samples,Soft Brown Noise,129ldjjvnFfA7Ygc8ktYnh,69
633,XXXTENTACION,I don't let go,4axYWgXASdsCBHuwInAubT,67
634,Why Don't We,8 Letters,4zRZAmBQP8vhNPf9i9opXt,78
635,Travis Scott,WHO? WHAT!,4KYS9GK68yeuUJ8vJfPxrq,69
636,Joyner Lucas,I Love,30z4LVkScpeNhwHFIB8Ewa,66
637,Sure Sure,This Must Be The Place,6PuoZT4kgw5DrUEdnQ6e01,64
638,NEFFEX,Fight Back,6KigD0mlF4VGDYiSEzAyYw,75
639,Cigarettes After Sex,Crush,2y7JqO7Jc7ErdOmxpvifRF,65
640,Ghostemane,Flesh,1Ae2QJGUPtnCzdA4XYn1NF,68
641,Mac Miller,Buttons,0ZBchpb4CLk5Qqu3895Etp,65
642,Devin Dawson,All On Me,2mfahQ0EaaZWq4cFNg6A1o,63
643,Kevin Kaarl,Amor Viejo,3W5h65cRwTaZ1FCvEw6Ltx,74
644,Rich The Kid,New Freezer (feat. Kendrick Lamar),2EgB4n6XyBsuNUbuarr4eG,66
645,CORBAL,Dance with Me,55rn9bs7vZBsEK4Y4URraH,70
646,City Girls,Twerk (feat. Cardi B),0RRm4OS5ymfZryXBuj0G2m,65
647,Gregory Alan Isakov,"Dark, Dark, Dark",17Tsr2TVbU8qqfZdz68LVO,64
648,Sasha Alex Sloan,Older,3kywzyEr7V106Un5cDyh12,63
649,Jordan Davis,Selfish,0eTCwA8AO9RhTaDz9A9cMW,63
650,YoungBoy Never Broke Again,Cross Me (feat. Lil Baby and Plies),3V3JxDpiUg0RAt1Mfbn6Ht,63
651,James Arthur,Rewrite The Stars (with James Arthur & Anne-Marie),6mQLN3zRtAp6ovjusyYKrV,77
652,21 Savage,asmr,2QgfDF0fQ4sskDthP8MG5w,65
653,Lil Baby,Crush A Lot,39RWYLt6hgk9BbhkDgaHW9,65
654,Kygo,Born To Be Yours,0WVAQaxrT0wsGEG4BCVSn2,61
655,Greta Van Fleet,You're The One,0iYBNrznkCwhN3xCmNVJpo,66
656,Maroon 5,Cold (feat. Future),7gwLQ4tZ5UdZ7qNcDyJ8wr,64
657,Bad Bunny,Solo de Mi,4uP3pUP18ennmz0tb3GphR,72
658,Conan Gray,Crush Culture,2sHwSBNDZN2yjCtgwStYt1,68
659,Arlie,didya think,4HOg84QsolNLzNp08qZ3sX,64
660,Pouya,Void,4UYQHTgOlSdaQWfUTAjpop,64
661,Peach Pit,Tommy's Party,5OuJTtNve7FxUX82eEBupN,65
662,Five Finger Death Punch,Gone Away,57nTFMsSiVATCDPZm9JF4S,62
663,Drake,Emotionless,5Psnhdkyanjpgc2P8A5TSM,67
664,Eminem,The Ringer,2jt2WxXMCD4zjACthkJQVE,69
665,A Boogie Wit da Hoodie,Skeezers,2A4vCndSkZ3jd5nfh3a8gc,65
666,Tyler Childers,Follow You to Virgie (Live),55aK86IrWnMT6XoMwBs5ca,62
667,Kacey Musgraves,High Horse,2U2Z1IXnmJIvlknWizFykZ,63
668,Young Dolph,By Mistake,7tpLBCGQi9oFrfVuaY9gjk,62
669,Verzache,Needs,0WKmVAD4VWk5EdTyCFILi4,67
670,boygenius,Souvenir,21JL0gpeAYgbSUmzhgSPJz,66
671,Jakob,Velvet Light,41o2ydrj7Xm9Yt5odIBqq4,65
672,Cuco,Dontmakemefallinlove,4Ooq4tmYpe3nZP1BnCtsWM,65
673,iamjakehill,Stay,4Xn89qH8uKOumgvAGSvY3U,67
674,Ella Mai,Shot Clock,2GlATHCDbLW7xq5BE0Bz5g,65
675,A Boogie Wit da Hoodie,Just Like Me (feat. Young Thug),0uH6JssU7mWkTT9mqeqEvL,68
676,UMI,Remember Me,630Ug0XtmhhFvAKo0PNuEI,66
677,Lil Mosey,Kamikaze,3to5UxKsozb4T6CfwHuhLJ,67
678,88rising,Midsummer Madness,6TodWdTSDfzwgYynTZSvJn,68
679,The Carters,APESHIT,0E6PsO3ymCfUh7pJQjBgkj,61
680,JayDaYoungan,Elimination,5wPhznwiMGc1tUojiEkAkG,63
681,Kendo Kaponi,El Dios del Rap,0tx8qGGu7rkqNBwoKP1hMB,67
682,"Tyler, The Creator",OKRA,74ZovzRxHBvCq5yIwe8boh,65
683,Kanye West,Yikes,1qsHYUd2c1wFGcn7e63QmG,66
684,The Neighbourhood,Compass,0YNtAadZvKBBEFARtfoCV8,72
685,Saweetie,ICY GRL,1sl1cpix9GnwNwaVt04BIu,66
686,Vansire,Précis,3s9YtjSkxeeriM92mASyoO,67
687,Surfaces,Heaven Falls / Fall on Me,7yHqOZfsXYlicyoMt62yC6,64
688,Breaking Benjamin,Blood,7gQ7DfSSc3b8e4cHtFnDxu,66
689,Young the Giant,Superposition,67YPjbcxUypwNOwYBZquq1,64
690,Metro Boomin,Dreamcatcher (feat. Swae Lee & Travis Scott),22ykS8KWpd2r4zcRZ0XMK5,67
691,Megan Thee Stallion,Big Ole Freak,3YEbLhXRDPTtctnb3ddg8g,63
692,Summer Walker,CPR,5Tp4UJvnsF4Zd05k0zXUte,66
693,Childish Gambino,Summertime Magic,4j3GWI86JvSaF0BLdmgcfF,65
694,Lake Street Dive,Good Kisser,7BDbyDs5FUmnh955RABFd7,62
695,Drake,Blue Tint,4n1bdaKwynQndm47x5HqWX,65
696,Ariana Grande,goodnight n go,14kYOiFVPb7E7NfFbqhdln,70
697,Alameños de la Sierra,Perfecta,2bUDsZdvWZyIYFWluUzFe6,70
698,Morgan Wallen,Redneck Love Song,6mcuK40HmzARZP56q9HE40,62
699,Dan + Shay,Tequila,7Il2yWQmsqKgSkLQvHTPUI,64
700,girl in red,summer depression,3SEZEyvEALlomED5xFeqOs,68
701,Jack Stauber's Micropop,Two Time,7JTGwb6ug0z15F5roNLE0s,67
702,Eminem,Venom - Music From The Motion Picture,3kpYJjvM8Ja6btr5hEJLWc,73
703,NAV,Wanted You (feat. Lil Uzi Vert),1Faq8G2y56A8fRv7HsLq25,65
704,Selena Gomez,Back To You,514rhnksEwHUh6LxXsQ4Y9,73
705,Tyler Childers,Coming Down (Live),5wQ22DdiU6MEDEfron2yMC,62
706,boy pablo,wtf,3OYSWIgKXiwjutuQ4NEk1b,67
707,Nathaniel Rateliff & The Night Sweats,A Little Honey,1q5wF1wZQD41ura41yVqXb,63
708,Novo Amor,Repeat Until Death,5PzWVmfzu7rePAuFkxPQf0,70
709,NF,NO NAME,7hdw5gAGMyyn9z0XgfTv1j,65
710,Trippie Redd,Shake It Up,6yz0Jndhv0QjKdpcEMbOjz,63
711,ScHoolboy Q,X (with 2 Chainz & Saudi),4LmAnpjlhWTahvRkYR8xJa,66
712,Nicki Minaj,Barbie Dreams,6Poyf51k7W3NKnsGwAI90B,65
713,Travis Scott,CAROUSEL,7KZ5MMVgBVox9ycroB2UrI,68
714,Gregory Alan Isakov,Southern Star,6YXbSjabsKQ1pNvj6zcJ9V,65
715,YoungBoy Never Broke Again,I Am Who They Say I Am (feat. Kevin Gates and Quando Rondo),4O1uCappFiU3bisYUdUBWy,62
716,Kali Uchis,Gotta Get Up - Interlude,7N3c9CKUmRqrt3dDvGWBWG,65
717,Ice Nine Kills,A Grave Mistake,2mMNBgFRyEiRoGvrdoONeq,65
718,Phil Wickham,Living Hope,6nVm313QmsPlNllntTart1,61
719,Piso 21,Déjala Que Vuelva (feat. Manuel Turizo),1j6xOGusnyXq3l6IryKF3G,79
720,YoungBoy Never Broke Again,Solar Eclipse,0Jr4zQh5i3vrKFEcXrhhxl,62
721,Maroon 5,Wait,6AvfZXpbb6r35DfF7gHPRq,62
722,Muscadine Bloodline,Can't Tell You No,1bvAesXIGNwaE4U7N4QPbj,61
723,Rainbow Kitten Surprise,Mission to Mars,1TDdYSYLIXMJ4EiKO6ZCYk,63
724,Cole Swindell,Break Up in the End,5Z19ylxppfnfdP4JH0u8oj,62
725,David Lee Murphy,Everything's Gonna Be Alright,2NEBP8SXEqwZt2PRdPXXuy,62
726,BTS,Serendipity - Full Length Edition,1dS4l6xmdgEhCZTAhdOm4N,73
727,XXXTENTACION,what are you so afraid of,57nOpVSc3j9o03Cr928ZM4,67
728,Ruel,Dazed & Confused,2pyjbGTpJCPjMYwCbdymiF,66
729,Ella Mai,Boo'd Up,4squZv12LD9M8ooJfoVgZS,65
730,Godsmack,Under Your Scars,60SjEdocmsrAk4hQUu7qZi,62
731,Drake,Sandra’s Rose,6cblRiEGDRNZgowcm951R3,65
732,Her's,She Needs Him,1NjzNt18LlNTuJYErYGvbQ,65
733,Bazzi,Why,7lozLnUfzcgEpMMVQI7yhA,72
734,Becky G,Bubalu,7dNwJbsT0sg1le5kVugGJb,73
735,MGMT,When You Die,3td69vL9Py7Ai9wfXYnvji,67
736,Quavo,FLIP THE SWITCH (feat. Drake),1rlIrbWboTRGeKfHhgbJRZ,66
737,Lil Baby,I Am (Lil Baby & Gunna),3F57PtOdqRpD6euFYqtKXX,64
738,Meek Mill,Dangerous (feat. Jeremih and PnB Rock),3lb5fWSG2p7x8ik8HN9oFR,64
739,Alan Walker,Darkside,6SRWhUJcD2YKahCwHavz3X,75
740,Ozuna,El Farsante - Remix,7uYgVgRSgqluZclLS7wpp4,71
741,Rod Wave,Heart 4 Sale,3WqWKsKNFjhPGk4xPls6rX,61
742,The Neighbourhood,Nervous,113xf7t4qNM7038YJvauik,70
743,Cavetown,Fool,7asyVbwQE7IbA3x2be7bdI,65
744,Nathaniel Rateliff & The Night Sweats,You Worry Me,7ADBL3WZ9Oyj7zgkg7ODT8,64
745,SHRK,I'll Bite Your Soul,71qKWIBggc7poNXclWN53M,69
746,Jelly Roll,Fall in the Fall,6bXSfLBuqFQtVHNLxXbqbk,61
747,Travis Scott,Watch (feat. Lil Uzi Vert & Kanye West),3DoBTwfr8yi2LN08SBpFkN,65
748,Lil Wayne,Don't Cry (feat. XXXTENTACION),5BQrp63SHCVf4bzCzJePne,65
749,Rainbow Kitten Surprise,When It Lands,16ro1is6DmDKkarlJMBbzV,63
750,BTS,IDOL,1e8J3XClxZbFmvIHLI8CE4,75
751,Fuerza Regida,Radicamos En South Central,1kHpljP6paUsQyZgwFDfxn,66
752,Sanctus Real,Confidence,6sToW2vF0y8ZEXuHoMQob9,60
753,5 Seconds of Summer,Youngblood,55S2PQgSMYAhgoTCcGCDfw,70
754,Kiana Ledé,EX,47cQCF21TczFSmGfpd7c07,66
755,Mike Sherm,Hot Nigga,6P1XtHEPUFa7vLYFssqTOc,61
756,Denzel Curry,CLOUT COBAIN | CLOUT CO13A1N,2LNMhZ3YijTO7USmqjgJfG,65
757,Twenty One Pilots,My Blood,5HeKOKc4phmLn8e4I7EkzD,70
758,Billie Eilish,come out and play,7wC5eZcFS1Q1BsQ35DU6H4,69
759,Chris Lake,Turn off the Lights,7dsImih2L25fa6qjNphBI7,68
760,Yung Gravy,1 Thot 2 Thot Red Thot Blue Thot,7LptQZjp5wgdYDQZPjOV9O,63
761,Bazzi,Beautiful,5TVirkSwFEXF1nLJEebe2I,67
762,JID,Workin Out,46Lx5epWOQBA3J86ovnxmV,64
763,Mitski,Pink in the Night,51vArgRF64yIWk3JIcRITo,66
764,Ryan Caraveo,Ghost,7CHMY5TN1e8oqDnRwwJR61,63
765,BLACKPINK,Forever Young,6veFyjNycn6EaNCKhkPXUY,71
766,Cautious Clay,Cold War,6DwiGVCgXGREeCyJZtX7S1,63
767,Joji,ATTENTION,5aqu5xhPqoOWqF71PkfgM8,67
768,El Alfa,Demaga Ge Gi Go Gu,3nQbCPy1vMFtXb4XEpOmgC,67
769,I AM THEY,Scars,72B1Omo2kmEst4YKO8vOB6,64
770,Mt. Joy,Jenny Jenkins,7I0Ep2xYqltHpke3Kg0WPT,62
771,iKON,LOVE SCENARIO,3d3ELsqKlQ7WA0a10Isu3l,72
772,Jonas Blue,Perfect Strangers,3P3pw6C19j31Rnzgo3JG7o,77
773,Ashnikko,Invitation (feat. Kodie Shane),46aopTu45teng25ROkoeXk,64
774,Burna Boy,Ye,3FskQrDXcY24ur2fCvz35O,71
775,Morgan Wallen,Happy Hour,2woGHWgrFfjXAgdUsitbqr,62
776,6ix9ine,BEBE,3eqOaTqnyb0GEgv6JInG6W,74
777,Shoreline Mafia,Pressure (feat. OhGeesy & Fenix Flexin),7oW5YZZVeesParmVY7gx6s,63
778,Rudimental,"These Days (feat. Jess Glynne, Macklemore & Dan Caplen)",5CLGzJsGqhCEECcpnFQA8x,75
779,Roddy Ricch,Every Season,1ttPzkTSpQUFcEGx8bjerL,65
780,Joey Purp,Elastic,4MAADpR6MjelkaZqe3Mgnv,64
781,Lil Yachty,Get Dripped (feat. Playboi Carti),3m2aDCqn8eT5ElXDUiboGU,64
782,Lady Gaga,Shallow - Radio Edit,6QfS2wq5sSC1xAJCQsTSlj,73
783,benny blanco,Roses (with Juice WRLD feat. Brendon Urie),5YAP8zpqj1eIX88makBjDe,64
784,BTS,Trivia 轉 : Seesaw,0mZI1NpihIVcho2f9MmqSW,71
785,ShooterGang Kony,Deep End (Freestyle),5d61V7Jtc82vKxi3NRP9Ky,62
786,Nicki Minaj,Good Form,19Fcrc0nJiwMKom00gS9SW,65
787,LANY,Malibu Nights,0Eqg0CQ7bK3RQIMPw1A7pl,74
788,XXXTENTACION,Arms Around You (feat. Maluma & Swae Lee),2LskIZrCeLxRvCiGP8gxlh,71
789,Blueface,Thotiana,5GBuCHuPKx6UC7VsSPK0t3,67
790,Princess Chelsea,I Love My Boyfriend,6Sb49DdwbBrVEEtG8OGpGT,66
791,Carin Leon,La Farsante,4oudemVp2TYfCxL56Go6lk,69
792,Joji,Demons,77UXyXy6qie0sOtLdEIH4A,67
793,SHAED,Trampoline,0lsRatBUs9HNIZAmoGABzk,65
794,SadBoyProlific,Midnight Thoughts,1O28T70fY6eyL9vygOqCQi,64
795,21 Savage,1.5,2wOXxtHZgRkkrkEbKLzzqs,64
796,MemoTheMafioso,48 Bars,0zrfMFTOxU3YdEBJ2osPqC,61
797,Poppy,Girls In Bikinis,5FXn5JHL50tDPMITGun9zh,65
798,Simple Plan,I'd Do Anything,4uVjbl6daCwjhDur7qLddu,64
799,Banda MS de Sergio Lizárraga,Por Mi No Te Detengas,3mV5TTtHnXUeOzRkyFKsVl,71
800,Kina Grannis,Can't Help Falling In Love,6lfxq3CG4xtTiEg7opyCyx,70
801,Phoebe Bridgers,Motion Sickness,25Syi9wnfn6ZGAmiOBypPq,65
802,"Earth, Wind & Fire",September,7Cuk8jsPPoNYQWXK9XRFvG,68
803,Comethazine,Let It Eat (feat. Ugly God),6f1dn2ECCotPvBlRXY2TUF,63
804,Cole Swindell,Love You Too Late,52MNypbTWiwybwzhXvsPk5,61
805,Travis Scott,NC-17,6BJbOXDlgVAXSaq6wYFYT2,66
806,Pity Party (Girls Club),Heavy Heart,1AW3Kj7OuOv9o6YxwcpvzM,65
807,Leon Bridges,Beyond (feat. Luke Combs) - Live,05zt3H2jdG0MA1V6Q2t2Et,63
808,SIX,Ex-Wives,03GBiorLGTk7T4IScIl4jj,66
809,The Weeknd,Privilege,0Nwar8rweBUyfyuoyjjUvk,68
810,Trevor Daniel,Falling,26XaOsDMbl0e1cVKYfkz6w,72
811,Panic! At The Disco,Say Amen (Saturday Night),76vMKwFtdDDCLcM6zXybjB,65
812,Chayín Rubio,Ya Me Enteré,4ggabbjjuHrG06SsYnqvEs,71
813,EVAN GIIA,WESTWORLD,6ZP2iPx7t4epRBAKWvRPt1,61
814,NOTD,I Wanna Know (feat. Bea Miller),18W92Zm1KjLCbUIszOhpkD,66
815,Chris Lane,Take Back Home Girl (feat. Tori Kelly),0N9uZRrJQ3lO5TmInEjLxc,62
816,BlackMayo,Jus' Know,53MnFFUIhlOHnyE5aMOnZU,66
817,Joji,R.I.P. (feat. Trippie Redd),4wJ8dJKBAxdDe5cUx8K779,65
818,Papithbk,Losing Interest,2NYPx7YjNrHteC2RxzTzTZ,69
819,A Boogie Wit da Hoodie,Startender (feat. Offset and Tyga),0jAfdqv18goRTUxm3ilRjb,64
820,John Lennon,Beautiful Boy (Darling Boy) - 2010 Remastered,5GMQdzgtI7vtpmtps2YiYx,65
821,XXXTENTACION,difference (interlude),5itzep0nGnq7hxCfFNsTIR,66
822,Simple Plan,Perfect,4j3X4KX8rURekAVIFUhI23,71
823,Jimmie Allen,Make Me Want To,0AYbVoeF03NYhM0fvKjAuU,62
824,El Fantasma,Seré un Borracho,05N3MEYth8csmsuRVwj18k,66
825,Rodney Atkins,Caught Up In The Country,2BgunkkepMPFpArQj1Dx5s,63
826,Caamp,Strawberries,7myzdcGa6aTaXj3Wf1V55M,63
827,Lauv,Paris in the Rain,2MOoIbJWIYikwIXjBDe26i,73
828,JayDaYoungan,Thot Thot,4YAH2RzSQ78Oz8lqL9CS13,61
829,boygenius,Bite The Hand,03h0ioes0mfaZIeAO1fV5o,64
830,Carrie Underwood,Southbound,7qXPZxXn6Xmv1sjh03skiW,61
831,$uicideboy$,I No Longer Fear the Razor Guarding My Heel (IV),0rUOR0B5Zyf8p8pJVifQco,62
832,Grupo Firme,Pideme - En Vivo,4OvWsid9gwU8nimd6KIXN6,70
833,BTS,MIC Drop (Steve Aoki Remix) - Full Length Edition,01380RE6UfsPSdiUIwrCoH,72
834,Vansire,Halcyon Age,7C5pKQBh9xr7kCsBT6Y2n8,65
835,Kodak Black,MoshPit (feat. Juice WRLD),4KX8vXbouybtUptEyYxtIk,63
836,Kina,Baby You're Worth It,75SW8IItf7yy1VejSLtv9W,69
837,Megan Thee Stallion,Cognac Queen,2GbS8QZToLioxL8XMEwX3P,64
838,The Neighbourhood,Void,2wXioTynVwrEWYRv6R6vEj,68
839,The Backseat Lovers,Still a Friend,10goTnuQ31YxbdBBwSx7zt,61
840,Charlie Puth,Done for Me (feat. Kehlani),1lsBTdE6MGsKeZCD6llNu7,69
841,XXXTENTACION,going down!,7CkbRn6S0itJqcqn88AtSV,64
842,Megan Thee Stallion,Cocky Af,7hdR7gLsPQ6EXGeghibSK3,62
843,Mac Miller,So It Goes,0EA2RhRHL4KWeNa7JfD1Yw,64
844,Summer Walker,Shame,3LdGRWewvpcaZrkOpc70fP,64
845,Unknown Mortal Orchestra,Hunnybee,6AAYNz8jXvVlgG9IpYi42Z,65
846,Post Malone,Same Bitches (feat. G-Eazy & YG),688QpQAwqsLdBR6lr13wK1,65
847,DaBaby,Next Song,0rrVn0KMlLHtAklzUrrfoj,61
848,itssvd,Safe,4AuLkMqJdyQyGeShCU5ik3,69
849,A$AP Rocky,Fukk Sleep (feat. FKA twigs),1AqemxWsT0iGg5Lvkm16Bt,70
850,T3R Elemento,Mi Religión,33MU3TnkqOle5HjXefemdx,69
851,Kendrick Lamar,Big Shot (with Travis Scott),5cXg9IQS34FzLVdHhp7hu7,66
852,Jay Rock,"King's Dead (with Kendrick Lamar, Future & James Blake)",1eLSF6HfrRA0AsNmTkUlKx,65
853,Yung Bleu,Ice On My Baby (feat. Kevin Gates) - Remix,6muW8cSjJ3rusKJ0vH5olw,67
854,Ski Mask The Slump God,BabyWipe,6eKWSrZfzd25TYYxkscWgg,63
855,Bea Miller,like that,6E37j4b44JGpdk297urpKM,68
856,Lewis Capaldi,Someone You Loved,2TIlqbIneP0ZY1O0EzYLlc,74
857,Eli Young Band,Love Ain't,6uVzeU47Qzg0rrMneP5BNg,61
858,Bhad Bhabie,Gucci Flip Flops (feat. Lil Yachty),3hv6ndi7uFT9L9wrhQCsqY,65
859,Wisin & Yandel,Aullando,7BuHdm4lQqcyG3qTwdkxus,72
860,Los Plebes del Rancho de Ariel Camacho,Por Enamorarme,1AP1CzTmlJT2Q0IrJVaJbV,68
861,JPEGMAFIA,1539 N. Calvert,6XyxCBp6x3jvtxXvMN5sAA,64
862,Jay Rock,WIN,69WMdZSqdQwFgLVpbMsZ2J,63
863,3DMG,Hittin' Switchez,28JGb5M6KQjauL9nAM6Erb,63
864,Sebastian Yatra,Traicionera,4Ft0391aLVNtCPPseh98lp,75
865,KAYTRANADA,CHANCES,439X8jGytErRiPnaoUJHju,67
866,Mac Miller,Perfecto,0Xcy81PsJCOO6mhLZaQyQ4,64
867,Parcels,Tieduprightnow,66tkDkPsznE5zIHNt4QkXB,71
868,Anuel AA,Tú No Lo Amas,0fLOPPoyIaPTe8dm2Mrft3,77
869,Playboi Carti,Middle Of The Summer (feat. Red Coldhearted),7AtBtwrKhz94hYXgGYyG58,63
870,Alan Walker,Lily,0lks2Kt9veMOFEAPN0fsqN,75
871,Morgan Wallen,Gone Girl,5x7Fb9wMOtxd7eZzQ9EzVd,61
872,Brett Young,Here Tonight,38nVuIj9mi5a8oopOJhSJk,62
873,Kensuke Ushio,Smells Blood,6ZRxnIHvjN0qTVRwz3PLtO,68
874,Jason Aldean,Rearview Town,5WA2SHuL5eesmPnYflNzlT,60
875,Rainbow Kitten Surprise,Hide,0hJS3EHWC4uL9sJ52ErpoN,61
876,Car Seat Headrest,Sober to Death,6kOHjAOLz9IvUiRGf72Kec,64
877,Lenin Ramírez,Recordando a Manuel,3JuPa0jxEAacGtz4mAKVZA,68
878,Shoreline Mafia,Bottle Service,4k0ZX0KlMBEOlTp5vexIrT,61
879,J. Cole,Photograph,0bhnUFDQFCEHCBlsQfHnj5,63
880,Nipsey Hussle,Victory Lap (feat. Stacy Barthe),6hkQ6OQ6nhe7QCckH91aGa,63
881,XXXTENTACION,Guardian angel,7uqcLJFlSYjVPLUz1vPxkY,66
882,Disney Peaceful Piano,Beauty and the Beast,1h9sbBtqXjji9nnBsxaxNR,63
883,Whethan,Good Nights (feat. Mascolo),08Kj0lvbsqAxzeUOBYZRL6,62
884,Daddy Yankee,Adictiva,6MJUCumnQsQEKbCy28tbCP,72
885,BTS,Love Maze,4ROdFnoZNn2RTmwct0cVpx,71
886,Kali Uchis,Tyrant (feat. Jorja Smith),4FZOSDwALdWxcGcRbwXWJ8,65
887,Dua Lipa,Kiss and Make Up,7jr3iPu4O4bTCVwLMbdU2i,76
888,Andy Mineo,Coming In Hot,1kVYXfxTWSftIZtmYr6yH8,63
889,Mackned,North Star,42rF3FLOvTSXRpVowkwTGY,64
890,Logic,Indica Badu,0jqBo5RYn008f4ZY8kPewW,63
891,Isak Danielson,Broken,2FkbeqpCrjjDdVH1SZgDo6,73
892,Metro Boomin,"No More (feat. Travis Scott, Kodak Black & 21 Savage)",42k9e2hgl98IdgkXLg4pxs,64
893,Playboi Carti,No Time (feat. Gunna),5pHJv0bgNsT9nPoK2BjNBn,64
894,Joji,I Don't Wanna Waste My Time,72Qo3U5apeuv91j9BEqJBM,65
895,Jonas Blue,Rise,5ZSl6gDoV6bPPxzmLeneV9,74
896,Xavier Wulf,Morning Dew,0YkXRZcetpqI3VzjE9Sey6,61
897,Megan Thee Stallion,Hot Girl,2Xc9MR2NMc5IKPFKaEjt1k,63
898,Ari Afsar,First Burn,1A2gifkaEngunqZAFHUS0j,64
899,Money Man,Memphis,2bqIGBffiG9JdanfZbXFdd,61
900,Omar Apollo,Ugotme,5Ju9aLa212eAILfl5sWkjc,63
901,BTS,Airplane pt.2,4lAE47gj539h8R1yxPhhGG,71
902,Anuel AA,Hipócrita,4CbANooTL2aTHzJZqQ0Uvk,74
903,Post Malone,Takin' Shots,5ffntNJnJOeFv7b7DCd0Bw,64
904,The Marías,Loverboy,3XCpEFU4uXsBq5WmVQQKC9,65
905,Fall Out Boy,The Last Of The Real Ones,6e13443Ve7RGcAUScTgYtl,64
906,Post Malone,Zack And Codeine,5lZZmityu9TAjNvSY6GLhR,64
907,6ix9ine,KEKE,14PlDNjNh3pXyHXzkhX8n5,65
908,The Happy Fits,"So Alright, Cool, Whatever",47rOmlKHPYyMDM3h6L74Sn,62
909,Janelle Monáe,Make Me Feel,5gW5dSy3vXJxgzma4rQuzH,65
910,Playboi Carti,Poke It Out (with Nicki Minaj),2rPSFKzGeqUWwfcCFVkkq3,64
911,Cigarettes After Sex,Neon Moon,7laJx5tDtvm3Mkj832oxSb,61
912,Jonas Blue,Fast Car,1SN1vSPsr4V4tIUTR3s8YW,76
913,$uicideboy$,Nicotine Patches,2qXOuks93SBqKbQofW208w,62
914,Juice WRLD,Make It Back,2EhJijFUs0WUmNClDBpYJq,62
915,Gorillaz,Tranz,7jYUaoOfdcYgUvkK8NnFfx,67
916,Trinidad Cardona,Dinero,3ggtU1ZOKO8ZNiqPNyXGcm,71
917,El de La Guitarra,El Monstro 7,21jEIOf3pXF1EOb9n0vZJf,66
918,Playboi Carti,Right Now (feat. Pi'erre Bourne),475jSz0H6U3duJyNiDS0tT,63
919,Daddy Yankee,Dura,6KuqAtoeVzxAYOaMveLNpH,72
920,$uicideboy$,Aliens Are Ghosts,4XBDGFxecM5Y3KZFF0iufe,62
921,Otis Redding,Hard to Handle,7FXuCkl1kfxwS5icDjTwbM,69
922,Maluma,Corazón (feat. Nego do Borel),5cepAtqnEQ6yVG6088zMMu,71
923,Playboi Carti,Old Money,0syXbGoFZbTMXm8hGCEvW0,64
924,21 Savage,out for the night - part 2,4B8vU5oDXVxO5OkLAI4aLx,63
925,INZO,Overthinker,7qGoMOzR9pJ1bPl4bFmTN7,64
926,¿Téo?,Thru My Hair,6BbAFjOCHA1AknMtIu3VjZ,66
927,Lady Gaga,Always Remember Us This Way,74iZuPGwyL33VlTr6jTnab,73
928,Nicki Minaj,Good Form (feat. Lil Wayne) - Remix,6supMAknraGpJrN5qqYfV8,64
929,21 Savage,all my friends,4paAidoE8VAemwU4jgCc6l,63
930,Bad Bunny,Solo de Mi,5YOkA7qd2983FtBQnP8sYx,68
931,Post Malone,Sugar Wraith,0MrRAUcB8AZiB9ue2VOBYe,65
932,Layton Greene,Myself,2XiAlDIvYgudvl01wdpGRI,61
933,KAROL G,Culpables,6q8Lb50EtqNeeJXXe8mMAH,70
934,Alan Walker,Alone,3LlmKSHR3Rs0Y3KHQLAYDk,77
935,Eric Church,Some Of It,3d1qN7AHge6BXuVPutcpI5,60
936,Ariana Grande,successful,5YeHLHDdQ4nKHk81XFWhCU,66
937,Bad Bunny,200 Mph,5jGUJXnELDaDTgiRjD9lsg,68
938,I DONT KNOW HOW BUT THEY FOUND ME,Do It All The Time,14ny3vlL25p6Vix2Sb8k1b,64
939,Super Guitar Bros,Fairy Fountain,3uhGWxwYdkwzI9vHITtaza,65
940,YoungBoy Never Broke Again,No Mentions,2YVt7k1qZXFhzYDe8FMDW6,60
941,Twenty One Pilots,Jumpsuit,1E1uGhNdBe6Dddbgs2KqtZ,68
942,SIX,All You Wanna Do,1U0hiOuodfSsxdcTYXGEdT,65
943,BTS,Epiphany,6L88EH68XwlaXwvChlTS41,72
944,Rodrigo Amarante,Tuyo (Narcos Theme) [Extended Version] - A Netflix Original Series Soundtrack,6g2BiiVQqY5v1S4HIrM54F,69
945,XXXTENTACION,"ALONE, PART 3",2oe6dDthgthqUkfL3czpEd,66
946,for KING & COUNTRY,Burn The Ships,6qNSq6OKjNgXAn3Kj9HBKf,61
947,Peach Pit,Peach Pit,0ZK8TGOsngrstVPsnrHbK1,63
948,Riley Green,Bury Me In Dixie,7KFbFqfBxqRtSSwkA874iv,60
949,Lukas Graham,Love Someone,0OCRwXbQRdOZ1OtB4Imsp1,71
950,Diplo,"Welcome to the Party (with French Montana & Lil Pump, feat. Zhavia Ward) - from Deadpool 2",5mqzhMuUpvnMfwNz6iepmO,67
951,Lil Wayne,Dedicate,0Y7di9ZCmB6Elad5WISaPc,61
952,George Ezra,Hold My Girl,42bbDWZ8WmXTH7PkYAlGLu,74
953,Ray LaMontagne,Such A Simple Thing,4PuUa8e5s7P3Zv1IdCGIsa,66
954,Max Richter,On the Nature of Daylight,56oReVXIfUO9xkX7pHmEU0,68
955,Lil Wayne,Can't Be Broken,5cGpjfgAvidLy6znwkCxkP,61
956,Bryant Myers,Triste,7narbj6zkSW1SnMhAPep0u,73
957,KIDS SEE GHOSTS,Cudi Montage,4kUZvXB3LC3an3HX6h0s17,63
958,Ariana Grande,sweetener,70khXICDeTTxgYtw3EysKH,66
959,ODIE,Little Lies,6QpZXzHcOgXK41Y3YCx203,65
960,Cigarettes After Sex,Sesame Syrup,73ROvjXlrsrDcNmCurwWOF,62
961,Brent Faiyaz,Around Me,7dQeS4ErW1iWvnKdrtKwKr,62
962,Queen Naija,Karma,3qmm9AdG0TnShv0drgXNIQ,61
963,keshi,i swear i'll never leave again,5byXSKd7QOHtVMOiptklBD,70
964,Hillsong Worship,Who You Say I Am - Live,2lUgap86Pux7qAgvWzuJWs,59
965,Calum Scott,You Are The Reason - Duet Version,1x3W8RZxW94lrVGhP95qA6,71
966,Shawn Mendes,Fallin' All In You,5EYBryPOgIEPB7r5QIy6eG,72
967,boygenius,Salt In The Wound,7blNhlXimy77PduXyWtmcI,63
968,IDK,ONCE UPON A TIME (FREESTYLE),7hZoTr4ffMGqm9opMiGmBp,64
969,Mt. Joy,I'm Your Wreck,7MzKYpIU3wozsFJDOmI8Es,60
970,Julia Michaels,Heaven,1T575AhHueYinKSDflEsGK,69
971,KYLE,Playinwitme (feat. Kehlani),4F1yvJfQ7gJkrcgFJQDjOr,63
972,El Alfa,Suave (Remix),4phvdPGXE8MGXsTBhqB5ht,68
973,Hillsong Worship,New Wine,3A2W7jBX59x1g6YM4og73Z,59
974,Post Malone,Otherside,4qWCFTuNnmGNdY4egtb4ZY,64
975,Playboi Carti,Choppa Won't Miss (feat. Young Thug),5O9zs6G6RcB6yP1OKwnwiM,63
976,Peach Pit,Drop the Guillotine,1gpBDeONibvJyQYEv5HJh9,62
977,Colter Wall,Saskatchewan in 1881,3UCnS94uOqgvTmHohbgH9W,60
978,MO3,Everybody,3yCi6JeSHtisNDxTlQGB4d,59
979,Vansire,That I Miss You,7szBZqBJuj9eAC8HJ4CyTM,63
980,Jack Harlow,SUNDOWN,0ipgd8PPFza3NNmN3Rn2uF,61
981,Shabazz PBG,Shells (feat. Lil Uzi Vert),2VAy62WE92X27A7QKvZ1Gd,60
982,Kodak Black,"If I'm Lyin', I'm Flyin'",7HdNB8nvJOBwHa8hIkzvxp,61
983,XXXTENTACION,$$$ - with Matt Ox,65u1dHQyQyE4y4aN2eDmMF,63
984,Pouya,Aftershock,0diqiEUdyPcBJ1jQuP9cBn,61
985,Bazzi,Myself,5YLHLxoZsodDWjqSgjhBf3,67
986,La Fiera de Ojinaga,La Boca Les Callamos,6bXfM7zpnRP5qkyYWzHjWO,63
987,Ozuna,La Modelo,2SbzdGpOKlH3HIAGTWTbwU,66
988,Polyphia,G.O.A.T.,0YPuRrM2NwzdtuShUKkts6,63
989,Five Finger Death Punch,Sham Pain,1YLxrvfvFivQj7eh3Y5yxA,59
990,Ariana Grande,R.E.M,1xWH8zYtDeS9mW1JJG23VZ,65
991,demxntia,tonight,0OrwGH9aeguhopTVubv0VZ,71
992,Banda Los Sebastianes De Saúl Plata,A Través Del Vaso,1uqjLVaSyTkdDvfGAmXrHo,64
993,A$AP Rocky,"A$AP Forever REMIX (feat. Moby, T.I. & Kid Cudi)",3oHkMCVJyOcjg5FhfLc2Rq,64
994,Baby Keem,Gang Activities,4Vir8uv89eNY6hovcNq4w6,61
995,Future,7 Am Freestyle,1hHe7cirScEJWgAS0JFqTL,61
996,Current Joys,A Different Age,5iMXCDWA4FxPNcOnq0HrpJ,64
997,Trippie Redd,BANG!,1pF74yw15wXk12A1NPVWHD,60
998,Lil Skies,Creeping (feat. Rich the Kid),7ms3VzLTfr7fXNOqA4Mkx9,63
999,Mt. Joy,Sheep,2fEcMBdl3BUmPclvQKSBfV,61
